Option_Path,,,,,,,,,,,,,,,,,,,,,,,,,,,,,,,,,,,,,,,,,,,,,,,,,,,,,,,,,,,,,,,,,,,,,,,,,,,,,,,,,,,,,,,,,,,,,,,,,,,
4.39168,4.39344,4.76678,4.69094,5.23589,4.92917,4.18744,3.2252,2.80985,3.39139,3.64379,4.15409,4.20555,3.5458,4.40907,4.31776,4.34574,3.74482,4.4626,5.33601,4.0432,4.68638,5.15206,5.14124,5.11711,4.08374,3.6452,4.94601,4.80177,3.9601,5.27482,6.62542,6.9332,7.16203,7.70607,6.75623,5.30125,5.15061,5.10156,6.32784,5.60146,5.56222,5.22508,4.16105,3.57316,3.22183,3.36657,2.72532,1.80965,2.3143,1.93267,2.34245,2.68887,2.44623,3.3963,4.42941,3.41093,2.55457,3.51078,2.85155,3.11272,2.68788,2.41632,2.28263,1.73341,1.13908,0.776112,0.80411,0.682977,0.776587,0.69121,0.541323,0.258945,0.44195,0.37494,0.269668,0.148792,0.291718,0.66657,0.610567,0.749281,0.608355,0.803769,0.746408,0.71669,0.264994,0.0964914,0.019043,0.00923152,0.0242597,0.0251673,0.0032025,0.00937767,0.00624443,0.004478,0.0785739,0.267756,1.27833,0.399807,0
4.39168,5.04772,5.58751,4.50986,4.21356,3.85595,3.55948,4.5869,3.99911,3.68285,4.00453,4.53831,5.03482,3.91518,5.03947,5.72477,4.98783,5.2451,4.36904,4.83196,5.13309,4.5406,4.53298,6.34303,5.42841,6.13927,4.69066,4.21951,3.83267,3.76685,4.31317,4.78631,4.58798,3.64024,3.59861,3.91405,4.28765,4.01308,3.35748,4.94579,4.61482,3.93247,3.41951,3.34316,3.35787,3.43306,3.17514,3.05158,3.15736,2.28421,2.16496,3.0084,3.09404,3.2515,2.26916,2.1794,1.85959,1.6419,1.53616,1.41545,0.961372,0.512134,0.415785,0.361674,0.659416,1.06929,1.30441,1.2701,1.2315,1.60523,1.45656,1.55748,1.33332,0.998668,0.696941,0.745398,1.39613,1.07874,0.774064,1.2192,0.982353,0.597659,1.27196,2.32655,1.75398,0.948993,0.994391,0.897772,0.51601,0.153324,0.229799,0.126596,0.082368,0.131228,0.0316048,0.0692187,0.12351,0.126217,0.0925623,2.03316
4.39168,4.26491,3.68647,3.46911,2.23422,3.16222,2.48555,1.9474,2.16925,1.8418,1.57314,1.67493,1.64027,1.55595,2.0525,1.55444,2.11215,2.71666,2.67764,3.24356,2.64066,2.63793,2.52307,3.25636,2.88032,3.72382,2.1865,2.35489,2.75705,2.17855,1.69264,1.36167,1.49891,1.63275,1.4491,1.25866,1.23846,1.63964,1.82163,2.40353,2.16377,2.54032,1.98905,1.98457,1.26438,1.51799,1.24314,1.02884,1.20143,0.928847,0.773093,1.07773,0.987899,0.464051,0.345399,0.236133,0.291593,0.301982,0.367239,0.346766,0.178721,0.2812,0.398869,0.603821,0.704327,1.0017,1.31466,1.26122,1.5826,0.755814,1.30197,2.44231,2.38599,2.92745,2.23777,1.82929,3.30757,2.94503,2.08324,1.18938,2.77918,2.95282,2.98552,1.3384,0.522649,0.777363,0.537027,0.672255,0.356353,0.22814,0.293031,0.357009,0.61751,0.337163,0.571246,0.795416,0.85029,0.841229,0.865231,0
4.39168,5.28552,5.49453,5.14859,5.32662,5.7378,5.03898,5.24292,5.43584,4.57266,4.11438,3.69119,3.44376,3.31101,3.93504,3.95468,3.79792,4.76271,4.84436,6.28503,5.58471,5.26073,5.32219,5.77468,7.342,8.07437,7.01859,7.50789,7.28206,6.23237,6.05063,7.56327,9.07221,7.92271,7.35925,6.63585,4.6252,5.05525,5.10645,5.91629,7.16373,6.09492,7.82505,6.65762,7.73897,7.71732,5.47561,5.49155,6.38845,7.10349,6.97201,7.63211,8.60453,6.9251,7.12452,6.67119,6.27334,6.07359,5.44376,5.7382,6.47061,5.56318,4.31447,3.47449,3.24056,3.01864,2.55449,4.00685,4.86187,6.17346,4.56116,3.74023,4.04232,5.04098,5.27346,5.6219,5.08184,4.03045,3.17099,4.05136,3.77158,4.06505,4.04183,2.72908,2.01973,2.9439,1.81141,1.44463,1.74269,1.70098,1.06098,0.865539,0.369929,0.616695,1.27145,4.27942,3.51727,1.68187,1.9628,4.12793
4.39168,3.58965,4.39801,3.48071,2.95251,2.95098,3.34723,4.04061,3.42862,3.4138,2.51954,2.32368,1.51842,1.59729,1.86656,2.11292,1.61064,1.2323,1.03197,1.09537,1.02676,1.05981,1.00442,1.56164,1.09382,1.10285,0.924483,1.41406,1.55926,1.9042,1.69731,2.15301,2.09058,2.43401,2.18026,2.42504,1.65462,1.43606,1.55752,1.33635,1.3238,1.19361,1.83675,1.91827,2.2293,2.66456,2.51704,2.13582,1.95431,2.17702,1.96489,2.57429,2.48843,2.63891,3.09636,3.0389,3.07991,2.36785,1.29684,1.99061,2.23668,1.78215,1.38247,1.42209,0.959832,1.15725,0.823849,1.01003,1.14756,1.41352,1.71094,2.82399,1.69149,2.06949,2.64922,1.74523,1.81519,1.73999,2.3179,2.49593,3.10886,2.41696,1.94766,1.61345,1.51523,1.49811,1.17992,0.427179,0.576464,0.925146,1.14647,0.864908,0.18648,0.0716908,0.062235,0.415377,0.0763159,0.00031131,6.06E-08,0
4.39168,4.22068,3.45875,3.55642,4.48548,3.9741,3.15366,3.73824,3.74712,5.05916,3.94857,3.89567,4.52345,3.69019,4.47585,3.66561,3.78154,3.52905,2.97919,3.40916,3.11041,3.57017,2.85419,2.68105,2.92872,2.69295,2.06335,2.29721,1.87887,1.16607,0.837005,0.796873,1.30298,1.88163,1.44178,0.944321,0.890078,0.803357,0.851542,0.655273,0.788132,0.542853,0.376088,0.372131,0.310646,0.166496,0.0818121,0.0731554,0.0855914,0.0707813,0.102776,0.131496,0.24902,0.336563,0.195541,0.198842,0.232436,0.1483,0.167477,0.119781,0.127114,0.0860112,0.0700325,0.0554489,0.0507052,0.0429718,0.0357206,0.0562803,0.0255414,0.0107972,0.00921869,0.00337703,0.00287253,0.000487561,0.000113807,0.000209017,0.000146677,6.20E-05,9.86E-05,0.000218594,4.48E-05,0.000164422,7.81E-05,8.42E-06,1.10E-06,7.24E-07,2.97E-07,3.98E-07,2.07E-06,2.33E-07,1.18E-07,3.17E-08,9.82E-09,1.15E-10,2.20E-11,7.43E-15,2.23E-17,1.82E-31,5.08E-69,0
4.39168,3.96819,3.12978,2.61224,2.69078,1.96942,1.93364,1.98196,2.20787,1.86527,1.83941,2.49148,2.85003,2.40759,2.75789,2.62116,1.91625,1.75719,1.99252,2.06039,2.12555,1.90029,1.60678,1.49149,1.13903,1.31826,1.44528,1.5971,1.29742,1.49364,1.15211,1.04154,0.685406,0.555321,0.747631,0.703959,0.475239,0.312761,0.159007,0.0986585,0.136797,0.161107,0.16773,0.216466,0.202564,0.225211,0.161761,0.141665,0.0794112,0.070166,0.0705267,0.0638346,0.0591783,0.0852471,0.093585,0.0427259,0.0298359,0.0248137,0.0210832,0.0123789,0.0126601,0.0118696,0.0251657,0.0321944,0.0244231,0.0149662,0.0273497,0.0266434,0.0139498,0.0286461,0.0119185,0.0379046,0.0313601,0.0141574,0.0106793,0.0145,0.0158634,0.0189643,0.00865758,0.00754703,0.0160794,0.0179131,0.0470666,0.0335699,0.0381691,0.0177166,0.00409326,0.00312342,0.00168833,0.00047313,0.00389576,0.00205059,0.00745202,0.00811353,0.000641797,0.000257763,1.41E-05,1.68E-07,1.27E-16,0
4.39168,4.382,3.31184,1.9036,1.67103,1.78467,2.57753,2.6472,2.51163,2.50524,2.75649,3.24132,2.67238,2.87043,3.19327,3.50573,3.65252,4.28163,4.70134,4.90588,4.19985,4.70363,4.68749,3.82911,3.79546,4.07423,4.76399,4.36961,4.7858,4.29447,2.80945,3.32036,3.1338,4.09096,4.2994,4.50993,3.02244,3.09109,3.20727,2.80691,2.59545,2.30055,2.12074,1.77687,2.19337,2.23445,2.69679,2.27829,2.79305,1.97491,1.91795,2.13271,2.40092,3.09848,2.34377,2.68376,3.08006,1.85523,2.18391,1.54771,1.34894,1.71322,1.66898,1.70273,1.21101,1.3015,0.980105,0.828039,1.21957,0.716781,0.813203,0.7383,0.877433,0.421957,0.365853,0.415621,0.595557,0.69908,0.532442,0.184922,0.134747,0.191595,0.0785113,0.0482702,0.0132186,0.00833665,0.00744666,0.0144302,0.0267435,0.00789498,0.00121171,0.000350167,1.84E-05,2.57E-05,2.72E-05,1.32E-08,6.05E-13,3.29E-15,2.51E-29,0
4.39168,3.87653,3.44881,3.15546,2.96456,3.55931,2.8373,3.79274,3.81219,3.30949,3.36516,3.17849,3.12917,2.31482,3.4787,3.92375,4.48053,4.50412,4.53299,4.00333,3.87681,3.38388,2.07167,2.05232,2.34608,3.00717,3.09376,3.5238,3.83496,3.6065,4.48152,5.37771,5.41912,4.55764,5.93036,5.17029,4.81779,4.59782,3.9261,4.96466,4.9523,5.58683,4.78368,4.8388,3.94922,3.26819,2.7947,3.46245,4.3367,5.18583,6.22449,6.25911,8.52587,9.46043,11.4742,12.8363,14.581,15.6119,14.9478,11.7184,12.2631,8.19606,7.87768,6.35416,6.29312,5.80429,5.16867,4.89831,4.19548,3.81209,2.7086,2.18598,2.30412,1.97265,2.16097,1.85995,1.88908,1.58906,1.00859,1.54174,1.78175,1.51389,0.539739,0.456475,0.5511,0.35909,0.345645,0.164173,0.355631,0.227671,0.0403865,0.0575065,0.0118799,0.000906786,0.000277841,0.00108649,0.000509875,1.00E-06,2.65E-17,0
4.39168,5.48733,6.21331,6.94947,6.65873,5.43708,4.24961,5.26012,6.7534,6.33019,6.6603,6.54713,4.91426,5.22785,5.80813,3.99272,3.93822,3.65445,3.27489,3.81408,3.81913,3.60819,3.08344,3.45775,5.03158,4.37785,4.22574,4.7143,4.21189,4.10213,3.91181,5.37965,3.96796,3.93662,4.63761,4.89808,4.00374,3.76629,4.49917,3.65515,3.10797,2.97645,1.92277,1.63963,1.74974,2.40498,2.11741,2.5672,2.41711,3.19712,3.71677,2.93469,2.26819,1.53521,1.09685,0.764513,0.623877,0.366149,0.300675,0.290676,0.267093,0.274968,0.320798,0.369365,0.222836,0.248713,0.251613,0.434631,0.536247,0.45847,0.947602,0.890957,0.967185,0.779385,1.15508,1.14079,1.32339,1.15418,1.80548,1.39898,0.777247,1.31459,1.82976,2.15953,3.54902,6.11223,8.15204,7.06927,7.07902,4.69595,4.55248,4.81592,2.98723,3.13706,2.85821,2.15729,1.17661,1.60551,0.0655696,0
4.39168,4.29049,4.89656,4.31047,4.97715,5.1684,4.03515,3.63343,3.74079,4.88046,5.06628,4.50619,4.59378,3.37848,2.67025,1.65799,1.57237,1.73612,1.25072,1.25604,1.08281,1.07331,0.960242,0.82111,0.846515,0.691512,0.845181,0.428011,0.540449,0.432173,0.638265,0.51458,0.408934,0.56767,0.84262,0.62102,0.399585,0.372723,0.277005,0.177649,0.165803,0.194654,0.217911,0.226371,0.133378,0.205998,0.378368,0.173866,0.145126,0.106642,0.0860253,0.282708,0.246031,0.291211,0.204706,0.264943,0.221018,0.23601,0.285053,0.206011,0.188717,0.184114,0.0567605,0.0850508,0.10008,0.0615545,0.0211546,0.0284862,0.0209464,0.0246846,0.0155063,0.0156552,0.00771132,0.0127018,0.0197337,0.0216907,0.00620129,0.00803959,0.00360776,0.00797978,0.00453145,0.00243307,0.00296651,0.000251805,0.000679057,0.00064002,0.000455253,0.000192129,0.000460984,0.000528077,0.00108137,0.00275301,0.000399013,0.00113265,1.97E-05,1.51E-08,5.03E-14,1.93E-22,1.18E-49,0
4.39168,3.44434,3.23396,2.54057,2.45083,2.25269,2.32789,2.39779,2.97045,2.34397,2.10588,2.28109,2.74302,3.31433,3.20145,3.9498,3.69752,2.49967,2.38495,2.89852,3.07637,3.78783,3.41374,2.84471,3.75913,3.88522,3.79664,3.11761,4.34856,3.92653,4.64541,6.38918,5.74449,5.14361,5.07578,4.32915,4.36548,3.44193,3.01618,4.00642,3.54857,3.53012,2.63296,2.96472,2.34629,1.89278,1.65533,1.50982,1.25251,1.70966,1.77205,1.88908,1.6043,2.41892,2.45099,3.38081,2.43126,2.27468,2.10408,1.9474,2.13176,1.67784,1.34445,1.1844,1.29736,1.06587,1.92345,1.43146,0.993132,0.588787,0.243842,0.238748,0.227948,0.112235,0.117807,0.20479,0.2564,0.164722,0.32734,0.245458,0.156477,0.173523,0.170541,0.201905,0.220995,0.55984,0.596169,0.26239,0.428778,0.899244,0.934186,0.767408,1.05526,1.07554,0.174328,0.0393924,0.0395476,0.0874362,0.00358208,0
4.39168,4.08035,5.06991,5.07795,5.01656,3.40027,3.47281,3.86771,3.41963,2.46457,2.04166,1.98341,1.97412,1.77439,1.35779,1.07287,1.0449,0.663983,0.660271,0.384714,0.309444,0.296172,0.213516,0.185166,0.269589,0.302654,0.303356,0.279079,0.259245,0.246193,0.385798,0.318182,0.241925,0.198814,0.260488,0.397612,0.374109,0.371693,0.395211,0.306779,0.651022,0.547826,0.369456,0.303136,0.311457,0.410548,0.358101,0.331376,0.382152,0.368786,0.365971,0.538343,0.476182,0.346561,0.552052,0.518442,0.53861,0.753235,0.452857,0.794889,1.05369,0.493092,0.56245,0.630138,0.458489,0.555203,0.349585,0.305644,0.298986,0.191739,0.166593,0.161901,0.252954,0.326003,0.257374,0.157026,0.137492,0.146918,0.0975824,0.0558114,0.0122284,0.00582425,0.0165968,0.0039367,0.000731027,0.0021979,0.00181655,0.00114997,0.000296155,0.000228824,0.000386269,0.000299762,2.61E-05,1.73E-07,1.32E-07,2.14E-08,9.87E-12,3.30E-14,7.32E-29,0
4.39168,5.32896,5.78206,5.21422,5.37647,5.26004,4.05153,2.514,2.23994,2.08551,1.78857,1.76088,1.78529,1.62453,2.90711,2.69582,3.04084,3.26137,3.12603,3.44628,2.78783,2.67364,3.67162,2.98779,2.92616,2.72526,2.31783,1.77129,1.23267,0.870449,0.920639,1.01541,1.29457,1.08996,1.47908,1.25786,1.28153,1.6621,2.00031,1.75538,1.8542,1.70706,1.4898,1.39007,1.15765,1.27999,1.91688,2.72482,2.90123,3.28838,3.21739,3.76838,3.51844,3.70602,2.89418,2.60764,2.19771,3.19474,2.69196,2.14765,2.53434,2.89493,3.12438,3.07148,3.64433,4.47275,4.02903,4.86166,5.96576,5.5684,5.11729,6.16276,5.22094,5.48615,5.87396,4.62689,4.52321,4.08638,3.42161,5.14419,4.23453,5.40957,3.29473,2.55695,2.60744,2.03847,1.37236,1.83923,1.31726,0.736567,0.536665,0.664915,0.594444,0.577214,0.462196,0.215618,0.322309,0.457705,0.162133,0
4.39168,4.02447,4.17039,3.47737,2.94728,2.46492,2.42125,2.64868,2.50717,2.7158,2.84642,2.68531,4.32254,4.57889,3.83363,3.31569,2.74168,2.48118,2.34012,1.8167,2.09145,1.87531,1.59241,2.37275,2.28085,2.65566,4.0904,5.25702,4.57836,4.68375,4.97209,7.08897,7.56755,7.45562,8.12726,6.30186,8.65579,7.7502,8.41791,9.20098,9.23706,8.02139,8.57555,9.31346,9.32116,7.90888,7.73944,6.77668,7.49765,7.62685,5.88544,6.54068,5.7129,6.20281,4.73285,6.13101,7.10845,7.81417,8.2958,7.49413,8.18437,9.12027,9.77953,10.895,12.5497,12.7501,13.4002,12.1163,12.4938,13.3639,11.9494,13.2318,11.6366,11.5304,11.7306,11.7686,12.3444,13.0554,13.3305,13.1824,12.7998,11.0148,9.70769,8.39885,8.46003,9.05017,9.41852,7.53246,8.21105,10.675,10.6072,10.6072,10.3855,11.3778,9.55504,7.80835,6.99842,5.76619,3.97226,1.96037
4.39168,4.41336,4.60478,5.17988,4.8705,5.50323,4.81403,4.74443,5.74433,8.62454,7.13294,7.06703,5.54683,5.31552,5.30182,5.55201,3.82135,3.64877,4.56164,4.99236,5.05008,4.19949,3.32021,3.29662,4.39299,3.60268,3.8837,4.04646,4.09461,3.17081,3.39202,3.09587,3.02824,3.8393,3.08154,2.96151,3.41007,4.13808,2.94649,3.29172,4.3046,4.57396,4.4019,4.2221,4.33616,5.28493,4.86962,4.37248,4.43395,5.22312,4.98161,5.60066,4.69233,5.95916,6.7958,7.46433,7.08881,6.6971,6.59187,5.14641,5.58865,5.42941,5.63862,4.59887,4.53606,3.79913,5.57575,6.25179,6.61798,6.56313,5.84042,5.92041,6.06824,5.95476,7.75616,7.06025,6.32953,6.41229,6.7738,9.27886,12.2218,11.1028,13.4938,11.4385,11.9072,13.9367,11.5529,11.6012,11.4709,11.3348,13.1785,12.7238,10.6796,6.55268,5.55578,7.8672,10.7253,7.36484,9.33187,7.90569
4.39168,3.89719,3.42615,3.79282,4.02934,3.54469,4.16724,4.33832,3.11084,3.57577,3.15239,4.07477,3.71317,3.79758,4.20573,4.59953,5.08569,6.19607,4.99578,5.38164,5.55616,7.33404,6.59209,5.19607,5.96635,6.76714,6.42212,7.8017,8.37728,10.2606,12.3129,12.9333,15.4613,14.289,15.7296,15.3096,18.622,21.4469,25.4779,28.0216,29.0877,29.5856,28.3881,27.6122,27.5427,24.8569,25.4581,21.9555,17.5429,16.6261,16.65,14.7953,17.3243,17.5457,19.3746,21.3493,19.5263,19.4687,19.6443,16.5496,19.3658,19.1505,19.0283,19.2596,20.1464,18.561,18.0402,18.6113,16.0631,14.4782,15.8475,12.3317,11.7915,13.8005,14.6113,15.1604,17.0661,16.1313,17.618,18.5238,18.5453,18.4149,18.3642,17.84,17.8323,20.5378,23.783,21.5334,19.0829,17.7397,18.6144,21.0095,22.2165,19.8652,19.7103,17.8697,18.3215,21.8334,21.706,22.7054
4.39168,3.92649,4.78378,4.48038,5.74849,6.52194,5.65787,6.72216,6.09195,5.20601,4.99689,5.55219,3.575,4.45434,5.35534,5.57353,5.90641,5.54302,4.61081,5.57257,5.13978,6.22892,5.56516,7.04693,7.24451,6.69441,4.48765,3.38221,2.80675,2.83268,3.453,3.88858,4.43631,3.81589,3.44732,3.53702,3.8708,2.182,2.27504,2.33469,1.16533,1.34244,0.993152,0.888486,1.3122,1.37751,1.2139,1.1372,1.18323,0.928857,0.770383,0.798412,0.810492,0.920014,0.840962,0.740716,0.568021,0.636943,0.803069,1.06682,0.910407,1.28131,1.42112,1.28629,1.41886,1.946,1.36294,2.36886,1.81377,1.64067,2.10871,2.22731,2.31962,2.73638,3.16631,1.8678,1.55257,1.4121,1.12867,1.17832,1.75709,1.16514,1.07189,0.537018,0.587488,0.786484,0.392051,1.09917,1.46801,0.629688,0.143338,0.0374673,0.0121666,0.00244021,0.00443645,0.000638315,3.22E-05,6.12E-09,2.28E-14,0
4.39168,4.36097,4.73053,4.16618,5.15177,4.50337,4.7705,5.31447,4.93114,5.809,5.66307,4.89577,5.87866,5.18808,5.43602,4.26296,5.26876,6.87731,7.24469,7.84712,7.58707,7.3652,6.86822,5.43066,5.00856,3.7386,4.422,4.48933,4.6938,5.2549,5.43133,6.05854,7.17716,6.53682,6.79271,5.89623,6.78187,6.06588,6.42853,6.32635,6.32172,6.3379,5.80491,5.53151,5.76003,6.33218,6.22251,5.98886,5.44679,4.05367,3.37176,3.08723,3.11984,2.2338,1.18118,1.41102,1.17019,0.996885,1.2422,0.71094,0.865247,1.28574,1.25918,1.49565,1.07453,0.597117,0.63094,0.849225,0.558959,0.670255,0.682076,0.420124,0.192438,0.206581,0.183666,0.196054,0.165272,0.252989,0.319206,0.195033,0.143139,0.0972764,0.113526,0.143202,0.0534384,0.00818113,0.00820883,0.00688499,0.0122445,0.00207317,0.00153645,0.00420027,0.00633186,0.0126074,0.00286776,5.53E-05,8.87E-09,1.93E-12,2.38E-19,0
4.39168,4.27492,4.42755,4.25553,4.68159,3.93037,3.86391,4.43009,5.0903,5.81847,6.76048,7.64438,10.78,10.1622,10.5833,7.96771,7.75478,9.34336,9.44476,8.72289,7.79593,8.88959,10.7511,11.4298,11.2387,12.0897,11.7938,9.3503,9.09536,8.33136,7.77644,6.64481,6.45524,7.47983,6.87039,6.31404,7.28141,9.18208,10.1277,8.39578,7.53549,7.91871,9.06335,7.6458,9.00539,9.60082,8.23002,8.71189,8.37111,6.49404,7.56717,8.19666,6.6487,6.83608,6.72874,7.31598,7.48276,6.97656,4.75327,5.01965,5.70888,5.69958,5.32781,6.14442,6.09469,7.63804,8.03756,8.65034,7.77398,10.8539,11.2681,14.4221,14.2051,12.3766,13.9192,14.5136,16.3794,18.9283,14.6186,13.2675,11.8052,12.1901,10.5773,11.2042,10.5948,10.3714,10.9345,10.8045,9.94837,10.4727,11.8446,13.2368,10.6809,12.0066,9.60901,12.342,8.97318,10.367,11.8164,11.1815
4.39168,5.45173,6.01507,6.64647,5.56316,5.69671,6.70822,6.09566,5.1964,5.15938,5.45053,4.99876,5.0509,6.29889,6.06723,5.60984,5.41028,7.06624,8.68317,9.01883,11.0451,12.7783,11.2512,12.7143,10.8653,11.1077,11.1715,11.4163,10.3165,9.22315,8.46034,8.30911,8.19806,9.0267,9.28259,9.43805,10.8279,10.6362,11.1398,12.928,10.9673,10.975,11.2685,13.071,14.3168,12.6295,9.44438,9.26494,10.0698,10.2646,8.40934,7.68751,8.50065,9.44763,9.17438,9.72258,8.35296,9.34474,10.4535,11.8416,11.826,10.1152,8.52709,7.3238,10.1916,10.2148,9.33336,11.7098,9.30269,6.19824,5.40275,4.44197,3.44149,2.88043,4.13054,3.9097,4.41013,3.32099,4.6211,4.6834,3.2481,1.85213,2.08341,2.43573,1.10212,0.982002,1.73647,1.54663,1.12547,1.36325,0.795267,0.952182,1.71466,1.49992,1.67426,1.17049,0.305298,0.0840363,0.0711291,0
4.39168,4.67964,4.4455,4.91321,4.37255,3.96053,3.29122,3.71511,3.63559,3.3595,3.49881,4.05552,4.02389,3.86038,3.46099,2.6307,2.85053,3.5485,3.65851,4.35924,5.39521,5.84424,5.95835,6.52141,5.15268,5.58613,5.64035,5.27588,5.72076,6.2889,6.12212,6.83237,8.08472,8.21158,7.62155,9.84666,8.49055,8.32419,7.44234,8.09827,6.26723,5.02019,5.48009,5.04348,5.30774,6.55181,6.43233,7.73879,5.79509,6.00058,5.15327,5.49769,4.97227,4.49423,6.25392,5.6893,6.38321,5.47737,5.7974,5.76287,6.13651,6.07336,6.77741,6.0811,4.04048,4.36371,3.77522,4.12889,5.38167,5.61678,6.50204,4.16548,5.30794,5.35285,5.88917,6.72412,5.88965,7.0119,5.95965,7.31101,6.58378,5.36886,3.63921,3.01543,2.93204,1.01677,0.666018,0.378983,0.525608,0.923368,0.673708,0.411779,0.490423,0.641061,1.03137,0.963078,0.642399,0.138237,0.0636516,0
4.39168,5.51715,6.86616,7.04196,7.08468,5.78522,5.72664,4.45529,4.86987,5.89163,6.50779,6.14433,7.843,7.26862,7.01704,7.54223,6.83138,7.63417,7.82053,8.01035,6.73258,6.98296,7.07205,5.09039,7.27123,5.96584,7.54502,6.74443,6.34069,5.70129,6.17603,6.08493,4.74163,4.10319,3.65406,3.90145,4.05233,3.29617,3.23559,2.54921,2.13224,1.65582,1.06296,0.830269,0.875443,0.861778,0.905578,0.705617,0.546088,0.587538,0.523709,0.445289,0.602776,0.306532,0.249134,0.187075,0.213252,0.352563,0.387011,0.667314,0.621041,0.594735,0.565434,0.525937,0.393973,0.464801,0.609275,1.11538,1.03451,0.820979,0.665906,0.815971,0.890143,0.389916,0.249125,0.198407,0.381168,0.529413,0.520069,0.664184,0.74882,0.790137,0.323158,0.18733,0.155041,0.146179,0.086601,0.0718502,0.0344897,0.00478528,0.00181151,0.000389437,0.000224771,0.000138035,1.39E-06,7.48E-10,2.55E-16,6.34E-20,1.17E-40,0
4.39168,5.04908,4.33915,4.58774,3.70952,4.07551,3.96042,3.71002,4.73927,4.45844,4.01149,3.54031,3.42432,2.82482,3.0037,3.5362,3.59991,3.21057,3.94503,4.0973,3.63059,3.67953,4.40645,5.73791,5.65995,6.96917,6.39843,7.41649,6.02173,6.20411,6.87383,8.43355,9.20149,8.22557,7.35464,7.56883,6.60274,7.10057,6.85392,6.79557,7.70982,9.119,10.3539,9.61568,8.40752,8.41575,10.3776,11.652,11.5166,11.3601,12.3996,14.4577,13.3348,17.6957,18.7744,18.5289,18.3509,17.7561,18.5173,18.7894,21.1053,19.45,17.8601,18.1402,22.454,20.7072,17.9964,19.6108,21.183,20.4398,21.4548,25.0834,26.7954,29.4357,27.7851,26.995,26.9988,27.1799,24.5515,23.2615,24.6967,23.9895,23.5228,23.8592,22.9881,23.3069,20.8894,23.0241,20.2468,22.1732,21.3818,20.9386,17.9431,16.8208,16.9543,13.6894,14.3282,13.4367,12.033,9.82797
4.39168,3.9688,4.64962,5.24804,6.30654,6.56105,5.48312,5.42395,5.70686,4.49199,3.28205,3.27455,2.50565,1.96922,3.47712,3.24087,2.55576,2.66469,2.61504,3.39747,2.944,2.09705,1.60168,2.04693,2.51537,2.58322,2.70517,2.95193,2.65096,2.0739,1.20639,1.2538,1.25499,0.922043,0.700433,0.654194,0.494784,0.406123,0.195402,0.189162,0.143974,0.160072,0.256478,0.280877,0.251164,0.605929,0.676558,0.930293,0.750395,0.732576,0.734546,1.08034,1.08652,0.783275,0.54961,1.07472,1.1934,2.21536,2.21263,1.70685,1.07442,0.91427,1.17337,0.859412,0.659874,1.30083,1.33711,1.82954,2.15598,2.39901,2.84204,4.0991,4.57423,5.06309,4.11024,4.73646,6.09124,6.75305,8.72257,7.4502,6.03687,8.80476,10.1565,6.68154,7.17403,7.0106,5.80947,6.07837,5.25316,4.91427,4.15657,4.10575,4.36389,3.45176,3.48568,3.56443,3.26747,2.49008,1.98361,2.19977
4.39168,3.64107,4.19871,4.03012,3.0115,2.03901,2.01337,2.19783,1.67814,0.791103,1.02106,1.04894,1.21452,0.998734,0.977561,1.43957,1.73937,1.91559,2.53932,2.33159,2.46032,1.57621,1.36728,1.3384,1.15733,0.875294,0.589943,0.60564,0.499605,0.467188,0.370472,0.457709,0.510534,0.515815,0.589378,0.548822,0.671977,0.54768,0.599672,0.390432,0.289619,0.385253,0.290159,0.306966,0.161839,0.177584,0.119388,0.0771985,0.0532817,0.0372285,0.0216848,0.0435903,0.0388798,0.0518377,0.0533382,0.0481543,0.0228903,0.0132193,0.00544992,0.00760244,0.00608137,0.00733198,0.00644418,0.0031507,0.00383656,0.00260067,0.00189906,0.0051665,0.00705163,0.00696903,0.00577732,0.00193818,0.00208496,0.000461541,0.000177119,0.00103648,0.0015413,0.000666311,0.00024134,8.27E-05,1.42E-05,2.96E-06,1.30E-06,2.64E-07,1.46E-08,4.76E-08,2.41E-08,6.57E-09,1.54E-09,2.90E-09,2.64E-09,2.18E-09,8.71E-10,8.95E-12,1.83E-13,1.79E-17,2.00E-21,1.41E-32,8.79E-67,0
4.39168,4.00472,5.64709,6.16853,6.35363,6.01548,3.8484,3.3459,3.87032,3.76885,3.73607,3.26216,1.83815,1.61036,1.89765,1.96593,2.44516,2.42197,2.88251,2.75669,2.43479,2.8611,2.29783,1.77842,1.63658,1.57805,1.92692,1.53,1.16644,1.01303,1.44691,1.22676,1.0878,0.984546,0.82211,1.0676,0.881302,0.74407,0.555788,0.391867,0.379554,0.341835,0.258264,0.187221,0.248,0.369218,0.38299,0.656039,0.522594,0.757867,0.471154,0.823713,0.735591,0.670256,0.578637,0.43126,0.385222,0.631049,0.620603,0.657293,0.513192,0.483262,0.368902,0.428629,0.276168,0.311583,0.385717,0.37353,0.543979,0.748632,0.710012,0.483619,0.693494,0.616955,0.401861,0.98337,0.941934,1.03407,0.917976,0.557194,0.926812,0.746121,0.603337,0.270137,0.370263,0.296654,0.347852,0.301667,0.378566,0.297744,0.0931979,0.0526909,0.137081,0.15498,0.116827,0.0989847,0.059081,0.0737747,0.000519146,0
4.39168,5.22534,4.57453,4.80773,4.61108,5.56017,4.71203,4.4514,5.32903,5.5268,4.96104,4.95335,5.16941,5.56944,5.00727,4.36041,5.07513,4.44113,4.35185,3.49336,2.63194,2.48128,2.63082,2.69856,2.42821,2.34646,2.58571,2.3751,1.80929,2.00949,1.95481,1.42595,1.24704,0.712839,0.638848,0.822278,1.01568,1.4211,1.68109,1.351,0.92182,0.886746,0.721181,0.742751,0.797093,0.526951,0.712989,0.825856,0.613085,0.600198,0.474013,0.528296,0.323833,0.467064,0.552662,0.408256,0.317613,0.323273,0.386021,0.320811,0.240946,0.104786,0.177044,0.221816,0.0756207,0.0503648,0.0435806,0.0456012,0.0221494,0.00823577,0.00998337,0.00754223,0.00461676,0.00692945,0.00643846,0.00340504,0.00173277,0.00171342,0.00060757,0.000179117,0.000107309,2.33E-05,5.49E-06,1.13E-05,1.67E-06,3.17E-07,2.43E-08,1.34E-09,7.00E-11,4.33E-11,8.81E-12,1.80E-13,5.76E-13,5.59E-14,5.75E-17,6.44E-21,5.25E-30,8.43E-37,2.34E-76,0
4.39168,4.6823,4.96234,3.97091,4.4249,5.11197,4.03109,4.86437,5.15441,4.44979,4.4701,4.5539,5.7039,4.82264,4.46509,4.21068,4.33394,4.67567,5.33642,6.34286,5.89135,6.66172,5.925,6.65968,6.64073,6.95392,8.40512,9.25038,8.31637,8.11159,8.18075,8.78675,10.4152,8.37422,9.74135,10.1132,9.98255,11.1879,11.5844,9.25846,9.64027,8.8359,7.47999,8.00283,8.26536,7.39947,7.68613,6.74621,5.00839,3.55986,3.29083,4.41564,3.5877,3.14057,4.08104,2.89809,2.98098,2.45466,3.14245,3.03288,2.55398,2.63259,3.62093,2.7569,2.41261,2.66712,2.29426,1.8729,0.92377,0.646156,0.54177,0.451379,0.622696,0.317274,0.245565,0.17186,0.213586,0.317193,0.576042,0.988091,0.817756,0.758124,0.859297,1.00869,0.655938,0.361127,0.191479,0.0799895,0.154823,0.041304,0.00758987,0.005071,0.00446176,0.00172914,0.00129138,0.00191328,8.68E-05,6.50E-07,1.28E-12,0
4.39168,4.93112,5.91092,7.30093,8.81998,9.52999,8.75742,7.49311,7.06954,7.56804,8.01955,7.05557,8.08972,8.74513,7.49056,8.02556,8.48958,10.7819,15.3837,14.5458,15.5442,15.1772,14.8328,16.7868,16.7142,18.3882,19.8001,21.0278,25.1416,25.6775,25.6075,26.707,25.9877,28.809,27.2297,27.9161,28.8079,31.559,33.4254,31.6871,32.294,31.1168,34.1943,37.7746,36.0317,34.1453,34.3045,35.1671,34.9188,37.0257,34.6492,34.371,36.1593,37.5476,41.5014,41.6976,41.8878,41.6098,41.2609,39.8138,40.1082,41.593,47.543,46.1479,44.1477,44.2287,45.452,48.961,41.6132,40.5356,41.7776,42.1641,39.9436,38.2622,38.1601,38.959,43.1039,44.779,47.9937,48.5981,49.886,50.6217,51.3012,54.8687,52.6345,54.9441,54.4009,53.9445,55.8713,54.9653,55.8161,51.3302,51.2201,52.0849,51.2063,49.6235,50.7562,47.988,47.2804,48.4125
4.39168,4.78577,4.68577,5.61829,5.7293,4.06648,4.45377,4.75113,4.36581,4.36822,4.76608,5.4483,5.40521,7.07878,7.7849,5.88414,5.87016,6.26479,6.61037,5.915,5.45863,6.57533,7.32943,6.588,7.29557,7.82153,9.75624,9.05351,9.43318,7.73757,7.47356,7.744,6.32032,6.09997,5.67012,6.33444,4.37829,4.39757,3.99921,4.87978,4.85085,4.5778,5.77726,5.00943,4.78053,5.03705,6.19301,7.87535,9.30246,11.7346,12.5475,13.7711,17.6354,18.4777,20.9419,19.5573,20.4801,22.4409,23.5079,23.3269,21.3997,19.7184,23.5934,20.8413,20.6253,20.6871,20.9601,19.9118,21.7001,21.6723,20.7239,21.8681,22.4643,25.6025,23.4121,22.7723,21.1823,22.0291,22.6751,23.9777,23.4748,25.0055,25.1493,25.3854,26.486,24.631,23.9519,24.241,25.2347,26.4905,28.3679,27.7496,27.4325,25.6128,28.2461,26.397,27.5957,28.574,27.9498,29.3137
4.39168,4.41123,4.11206,3.40311,4.20421,4.6776,4.89008,5.19416,4.95561,6.37414,5.68306,4.84182,3.90326,4.97706,4.63848,4.47732,6.17259,7.90283,7.8713,8.68718,6.74617,6.87128,5.49239,6.17688,6.85909,6.47576,7.05548,5.38938,5.32119,4.37154,4.78825,5.19192,5.01504,4.455,4.70062,4.39761,4.62855,3.53046,3.75461,4.56618,3.25268,4.31121,4.13214,5.16202,3.82166,3.47898,3.12579,2.90122,3.07224,2.95312,2.23003,2.33531,2.16015,2.35558,2.08493,1.64014,2.25617,2.07323,1.15218,2.13938,1.81043,2.54061,1.96727,1.30519,1.3143,1.29163,1.21005,0.916471,0.846751,0.3822,0.16553,0.0520118,0.0330821,0.0290397,0.00331634,0.00161286,0.000461567,0.000500448,0.00138471,0.000802947,0.000639955,0.000566772,0.000774681,0.00116961,0.000454034,0.00023812,1.20E-05,4.10E-07,1.18E-06,4.77E-06,1.54E-05,6.91E-05,8.51E-06,2.08E-06,3.34E-08,2.11E-11,2.15E-13,3.51E-15,3.54E-35,0
4.39168,2.7602,3.58254,3.46753,4.32463,4.20128,3.4319,2.93411,2.3751,2.61822,2.29501,2.61544,2.04233,1.71447,1.85446,2.69123,2.46827,2.68733,2.57288,2.22418,2.46598,2.91582,2.27535,1.9501,2.03199,2.00562,2.45893,2.73731,2.56376,3.13319,3.05403,3.39511,2.72319,2.95589,2.29812,2.00177,1.1423,1.43161,2.05753,2.30836,1.64803,1.15528,1.56621,1.14075,1.36964,0.801091,0.678566,0.612977,0.564387,0.599108,0.327376,0.307703,0.185162,0.141929,0.128731,0.183522,0.151147,0.182542,0.167743,0.100708,0.103041,0.124767,0.145887,0.216095,0.123992,0.0853771,0.0973603,0.106772,0.116899,0.171378,0.0506442,0.0786481,0.0241625,0.0318451,0.0257742,0.0206068,0.0278203,0.0538153,0.0273674,0.0368114,0.0347986,0.0278452,0.0318536,0.0246112,0.0315043,0.0285111,0.0162114,0.0267537,0.0351523,0.0276539,0.00828311,0.0142484,0.00362024,0.00799328,0.00290768,0.000510574,0.000452238,0.000389034,1.30E-07,0
4.39168,4.61973,4.96651,4.81522,4.53621,3.91528,3.40133,4.2905,4.3205,3.3785,3.40531,3.30166,3.71587,3.93396,5.35696,4.46108,3.85839,3.98052,4.32929,5.05932,4.48615,3.21926,2.64531,3.0087,3.27151,3.06027,2.81108,2.17438,1.81911,1.57789,1.39121,1.30296,1.36289,1.48222,1.4063,1.30611,0.866005,0.979336,1.16391,2.03333,1.09455,1.01131,2.017,2.49239,1.82913,2.00875,2.10321,2.7069,2.46731,2.28135,1.82094,1.67147,1.6431,1.18984,1.01012,0.383966,0.442378,0.421826,0.326094,0.369282,0.245825,0.256827,0.393431,0.461537,0.169058,0.144986,0.0898063,0.0658643,0.0891487,0.176239,0.179456,0.107937,0.06271,0.0633549,0.0858009,0.0580953,0.111692,0.0467321,0.0363205,0.0464515,0.0484552,0.0337907,0.0142463,0.0276215,0.0228033,0.0045202,0.0037671,0.0146592,0.00911746,0.0106653,0.00758151,0.00852842,0.00273263,7.36E-06,2.06E-06,4.94E-07,6.82E-06,4.26E-06,3.26E-13,0
4.39168,5.52346,6.90146,7.88936,6.62496,5.82724,5.57695,6.20849,5.3971,5.25501,5.76244,6.33087,5.70829,6.15642,5.92132,6.34073,5.8017,5.57079,6.54294,6.03901,6.67793,6.88586,9.02186,8.61805,8.21238,8.04314,8.44643,7.92443,7.26369,9.27541,10.1218,9.22439,9.93277,9.6711,9.75509,10.9577,10.5102,9.20889,9.80953,10.434,11.7303,9.12937,9.5634,8.5211,8.28705,8.4389,9.41217,8.85566,8.74596,9.60228,10.1984,10.1762,6.95719,6.4899,5.32168,4.46199,4.60569,3.32451,4.5585,3.95551,3.81424,3.66244,4.23366,5.05522,6.08518,7.2004,5.23767,5.63209,6.22862,7.08241,6.30636,6.16051,5.22244,5.6825,7.05816,8.13161,7.68492,8.41072,11.7012,11.37,13.7833,12.7064,11.6867,11.6139,11.0997,10.0352,11.1515,11.9004,11.6541,11.1638,12.4972,12.7575,11.5833,11.5066,10.7547,12.1996,11.4735,11.1184,10.7168,12.5729
4.39168,3.01005,3.28119,3.39368,3.47768,3.63402,3.25928,3.29941,3.11318,2.54552,2.2629,2.03664,2.31888,2.30442,2.54395,2.40578,2.61518,2.4674,2.99478,2.70204,2.11644,1.8597,1.95477,2.6781,2.49468,2.08465,1.84569,2.3112,2.39461,2.03362,2.14662,2.46113,2.72607,3.41262,3.52426,3.43852,3.13363,3.01293,2.69394,3.8129,4.94955,3.62749,4.08857,4.13589,4.62468,4.50575,6.47426,6.37339,6.13989,4.58446,4.74162,4.76702,6.03991,5.6584,6.89821,6.96635,5.73806,6.4428,6.41968,7.16292,7.89685,7.86336,5.90719,4.40189,3.74145,3.49149,3.76621,4.12389,5.18203,6.10407,5.16053,5.05361,4.91803,6.30241,7.23563,7.04973,7.49451,6.36373,7.39572,6.23436,7.30865,6.32283,7.49862,7.70941,8.73931,8.72651,9.20117,10.0934,10.9624,10.2967,8.41781,11.0633,10.0365,8.6904,10.4298,8.68281,7.67097,8.30431,10.4815,6.49361
4.39168,4.00137,3.8543,4.26067,4.04969,4.59585,4.81608,5.67759,5.2367,5.12406,3.73918,3.72891,3.51515,3.14361,2.61819,2.85282,2.51812,2.89591,2.94131,3.20399,3.93847,4.20342,4.06418,3.87275,2.95892,2.87835,1.6213,1.59974,1.17356,0.884382,0.853448,0.76198,0.978309,0.690231,0.796064,0.686421,0.850233,1.10106,0.890308,0.615861,0.620867,1.00947,1.28115,0.866327,0.924315,0.646515,0.724327,0.7694,0.544314,0.551147,0.509357,0.320908,0.304568,0.303026,0.223851,0.132842,0.0646152,0.0196027,0.0227272,0.0219865,0.011439,0.00751775,0.0134022,0.0255035,0.0278653,0.0209161,0.0403701,0.0224001,0.0126096,0.0127564,0.00992159,0.00534291,0.0137386,0.0162736,0.0296305,0.071447,0.110578,0.0316495,0.0169453,0.0123371,0.0315057,0.0205436,0.0281839,0.0131438,0.0033851,0.0140004,0.0190358,0.00158249,0.00376391,0.000460364,3.10E-05,1.47E-05,5.85E-06,3.64E-06,1.50E-05,1.40E-06,1.93E-09,1.45E-13,6.86E-23,0
4.39168,6.22167,4.75804,4.14809,4.19287,3.61761,3.05654,3.79467,4.07689,5.30082,5.95901,5.93567,5.34843,4.85856,5.12377,5.0634,4.27305,4.9382,3.38614,3.3229,3.41133,3.13902,1.97232,2.09768,2.55716,2.36611,2.87188,2.46781,3.57087,4.4836,2.90461,2.86678,3.53424,3.57776,2.98122,2.27703,2.01591,2.27387,1.59884,1.85415,2.17971,1.548,1.31309,0.927343,0.562975,0.391507,0.535392,0.378122,0.294999,0.234258,0.27526,0.147626,0.139378,0.307159,0.208146,0.328907,0.311107,0.307294,0.431556,0.407317,0.351866,0.363695,0.236424,0.252326,0.289062,0.201636,0.252181,0.240756,0.322848,0.360505,0.137581,0.144923,0.0634419,0.0681223,0.0725174,0.0435976,0.113438,0.150995,0.110936,0.0619335,0.152553,0.0917014,0.0432159,0.0165525,0.00484938,0.00706039,0.00843407,0.00111695,0.000277814,0.000787221,0.000388904,0.000569823,0.00031235,0.00050127,0.000250209,0.000181415,0.000225749,3.63E-07,1.63E-21,0
4.39168,4.25127,4.90047,4.79247,5.5367,5.02438,5.51358,6.30164,6.42087,6.67354,7.17562,7.25073,7.90279,8.91411,8.69388,8.73301,8.99092,9.26406,9.66243,9.92082,8.56594,7.7117,7.8742,7.85983,8.74781,10.0435,9.80525,10.1845,9.55817,11.0099,8.46419,8.36298,5.94804,7.10524,7.90553,8.66372,7.95719,8.64071,8.28373,4.53498,4.69523,4.16165,4.17318,4.47256,3.22566,2.31273,1.35798,1.41291,1.38483,1.37523,0.984109,0.693072,0.521387,0.438678,0.730568,0.589473,0.438361,0.313216,0.246405,0.290271,0.425948,0.40773,0.208823,0.170194,0.077613,0.107847,0.0386405,0.0265862,0.0131041,0.0382144,0.0171178,0.0179681,0.0102775,0.00503472,0.0171658,0.0225154,0.00329095,0.000444512,0.000404721,9.40E-05,2.74E-05,2.34E-05,4.10E-06,8.19E-06,5.75E-06,3.34E-07,2.73E-08,4.73E-09,3.78E-11,5.76E-13,2.46E-12,6.08E-14,3.92E-18,2.22E-24,5.21E-31,1.46E-36,1.15E-47,2.93E-74,2.26E-149,0
4.39168,4.66474,5.42454,6.31347,5.86663,4.99989,4.87015,4.53459,4.06418,3.88973,4.51782,4.0817,4.4384,4.80777,6.85686,6.92484,6.62914,5.73859,5.32702,5.62766,5.20132,5.70245,7.01199,7.73938,9.33983,10.6158,12.4626,14.2828,15.5653,17.18,18.0665,16.3471,18.7287,18.7141,19.677,20.6946,19.1724,19.5922,14.5282,11.3299,10.4651,10.0691,8.1965,6.79539,6.39997,6.73813,9.03958,10.1941,10.2455,10.4961,10.9203,11.6303,12.12,11.177,10.4576,11.9884,12.3701,10.7003,11.1147,8.12969,6.90423,6.60617,7.19924,9.34108,13.3834,11.7359,10.9603,10.5794,10.1463,10.177,10.2198,7.98867,8.68567,8.70866,8.57763,11.4463,10.3907,10.5744,9.82873,11.7302,14.7056,11.667,12.8101,11.2744,11.4264,10.5504,11.2142,8.9683,8.97056,9.25463,7.69535,9.79095,7.15926,9.92496,10.1228,9.92809,9.02176,6.92504,8.22332,7.00996
4.39168,4.51682,4.92775,5.93357,5.67581,7.80933,6.62977,6.22654,5.61192,6.19639,5.98681,5.67419,4.96215,4.10054,3.48392,4.58629,5.22803,5.65826,6.91991,6.87045,6.38085,6.43485,8.63199,7.8934,7.00486,5.77916,8.77987,7.32124,7.98005,8.07558,8.24706,9.37732,7.18738,7.21701,5.97282,5.64703,7.3001,7.47147,7.3911,7.90459,9.40713,10.5529,10.1216,12.0768,12.3426,13.391,15.0459,14.8941,14.9096,15.476,15.8558,15.1946,15.694,15.4283,17.7689,16.9859,15.5872,15.538,13.8236,12.208,9.79486,14.657,9.62814,8.05035,10.0422,6.82546,7.10382,6.55982,6.8504,7.35003,7.22808,6.75143,7.3108,7.57713,9.2605,10.6454,12.8194,10.2745,10.3205,9.01581,7.60222,7.10407,6.02764,7.18601,6.26628,4.67597,3.89702,3.60051,2.24687,2.75368,3.79437,3.75718,6.85825,6.19966,5.36286,7.42725,7.82868,7.39274,6.55509,11.4379
4.39168,4.91069,4.33283,4.80279,4.12018,3.41094,3.21022,2.48313,2.2088,2.22593,1.80536,2.14655,2.4024,2.19028,2.4201,2.85529,3.86535,3.90671,3.82865,4.02315,3.72167,5.18307,6.04584,4.48431,3.97874,5.48496,6.06679,6.95624,8.32955,9.82054,11.141,12.8671,15.2168,16.079,13.955,15.1608,16.5726,17.9143,19.2716,16.1043,17.7477,18.2572,15.6371,16.2546,13.034,16.1195,16.9729,17.6807,15.5273,14.4943,14.1641,13.3213,12.9305,12.3628,14.2116,15.9457,14.4444,12.2889,10.9068,10.4266,9.91368,10.4913,12.7671,13.8406,15.0805,17.5303,15.806,16.4691,21.4086,17.8128,19.5169,18.6041,18.062,17.0828,19.0015,20.6908,23.4204,22.534,23.7442,21.1539,25.0724,23.1055,21.841,21.68,20.7955,22.6418,21.7622,25.6208,24.1851,23.286,23.1416,23.2747,23.6654,20.5884,21.2226,17.9872,17.5506,11.6023,12.4643,11.7725
4.39168,4.97627,4.13872,3.43396,3.49712,3.70802,2.83073,2.55522,3.24169,3.2043,3.73325,3.60637,3.87942,5.56809,5.67294,4.96479,5.07386,6.54427,7.81888,7.64823,6.54152,6.51831,7.75187,8.66504,7.85414,6.18192,5.86283,4.50259,4.04671,3.55756,3.59346,3.37277,3.98777,4.26889,4.61598,3.96721,4.81436,4.81554,4.57939,4.37902,4.57897,4.61626,4.13027,3.54761,3.36537,3.307,3.51109,3.18285,2.38667,2.54954,2.0945,2.48718,3.32887,3.29498,4.30018,3.84468,4.92151,5.99558,4.55407,5.63401,6.37115,7.55992,8.74039,7.51722,6.09119,4.95271,5.45562,4.95519,5.45623,6.15018,5.81221,6.5191,7.36332,7.83881,8.43132,7.25979,8.19415,6.6301,5.60583,6.62257,5.30427,5.49827,6.036,6.20763,7.13895,7.65412,5.6419,5.51847,7.84067,8.15222,9.62437,6.8158,3.70063,1.71915,2.68186,3.12103,0.687593,1.50917,1.06993,3.07928
4.39168,4.24137,4.55617,4.24096,4.74739,4.46004,4.5051,4.73493,5.41502,5.05174,5.53373,5.52663,4.94608,5.6064,6.40858,7.80436,8.51638,8.7878,9.78915,9.0726,9.16866,8.50938,7.77777,8.16207,6.89953,6.45979,6.58354,6.10481,5.77716,6.61715,5.92477,6.01663,7.04214,7.21927,6.84003,8.8783,7.39322,7.61686,8.46271,8.3181,9.25374,7.40705,8.47462,8.57301,6.87843,7.65142,6.48435,6.24222,6.66607,7.69702,6.98713,7.3725,8.77469,9.89063,7.09759,7.65005,8.05329,8.62316,7.73231,9.5083,9.33141,8.89626,6.09953,5.42949,5.03702,5.81724,5.34177,6.33705,4.43708,4.25225,4.30484,4.10268,3.98138,2.98983,3.82599,3.86772,3.58147,2.96659,3.63369,2.9756,3.38525,4.24926,3.32692,4.09256,5.25918,4.75681,4.1793,5.70989,6.88918,5.61282,4.00535,3.64338,2.62941,2.00996,1.17297,3.11786,7.5196,6.46162,5.24937,4.14745
4.39168,2.97516,3.58634,4.11894,4.11303,3.53887,2.5559,3.20944,3.37779,3.19005,3.97145,3.11915,4.11532,4.0041,4.76434,4.95168,4.06484,4.79894,4.78206,4.80898,5.89915,6.56888,7.2101,6.77034,8.61669,9.86088,10.3306,10.8084,11.5171,11.9577,11.448,10.8795,10.4678,8.9497,8.39194,8.15403,10.4412,12.2601,10.1062,10.4734,10.0909,9.08509,9.53136,9.76248,8.07178,7.49526,7.49704,8.45829,9.98739,7.69857,4.96171,5.13106,4.76071,5.77284,4.69238,4.94833,6.10353,5.83012,5.20113,5.58552,5.82121,5.48431,6.7181,3.72793,3.18995,2.81992,2.65379,2.24337,1.62442,1.68796,1.66068,1.69651,2.15073,3.59899,4.69644,7.68893,6.42483,6.602,6.19766,4.1244,2.56554,2.63181,1.86969,2.2262,3.71141,4.68598,5.13033,2.94295,2.16973,0.669971,0.422571,0.373554,0.117985,0.0131121,0.00216678,0.00154304,0.000874059,2.25E-06,2.74E-14,0
4.39168,4.11847,4.89654,4.7954,4.18198,3.01315,3.11773,2.68537,2.56937,1.86399,2.0203,2.05682,1.70091,1.37938,1.30882,1.13858,1.44381,1.11069,1.44622,1.7514,1.72566,1.37603,1.03593,0.802206,0.697977,0.765151,0.631111,0.750166,0.79245,0.942832,0.994923,0.932822,1.01346,0.567248,0.540807,0.534571,0.589384,0.672897,0.433719,0.207063,0.16816,0.0593084,0.025357,0.00688399,0.00842998,0.00648105,0.00590342,0.00537679,0.0068869,0.0096534,0.00717892,0.0087096,0.00578158,0.00315592,0.00197232,0.00324618,0.00591383,0.00786913,0.0147846,0.012127,0.0206429,0.0225829,0.0434739,0.044407,0.0202453,0.00985296,0.00438269,0.00231602,0.00104632,0.00157132,0.000452452,0.00051893,0.000303002,0.000901423,0.00041173,0.00100373,0.000805057,0.000649433,0.00110315,0.000625529,0.000330375,9.13E-05,4.28E-05,5.25E-05,8.72E-06,4.42E-06,6.76E-07,1.83E-07,6.26E-07,2.22E-08,1.10E-08,9.53E-10,2.21E-11,1.36E-12,8.20E-15,2.70E-18,7.73E-23,3.87E-31,2.26E-63,0
4.39168,3.74861,4.57762,5.14513,4.6224,4.135,3.86531,3.53396,4.13484,4.61681,5.00824,4.84601,5.9347,5.68353,5.87942,5.19394,6.41662,5.35236,5.19991,4.77264,3.71659,4.31023,5.18966,4.0454,4.19978,4.1568,3.6941,3.36011,4.85284,5.07037,4.00964,3.27537,3.84183,3.43384,2.34638,1.73497,2.04886,2.62049,3.25453,4.38022,4.34485,3.04983,3.25532,2.5552,3.79411,3.90398,2.91884,3.5641,2.45998,1.88957,2.3695,1.93861,2.10187,1.8272,2.14086,2.47393,2.88458,2.10816,1.79689,1.70836,1.53177,1.60181,1.59621,1.31187,1.60569,1.26397,1.13352,1.26181,1.93545,1.55039,0.816028,0.554154,1.01445,0.611166,0.299692,0.63893,0.445078,0.391435,0.281166,0.251615,0.120005,0.152149,0.0601267,0.0345493,0.0108505,0.00569313,0.000857082,0.00126338,0.00109005,0.000671624,0.000108538,4.18E-06,1.08E-05,3.85E-06,2.36E-07,1.51E-06,3.26E-07,4.59E-09,4.31E-17,0
4.39168,3.67112,3.59519,2.77752,2.66082,2.17364,2.61456,2.35111,2.603,3.32711,3.60145,4.04369,4.20671,3.3295,4.52751,4.27454,3.57423,4.33057,3.67396,3.17901,4.10037,4.0465,4.29316,4.3075,4.33898,2.69078,2.29621,1.59125,1.949,1.70738,1.52548,1.70487,1.92402,1.70098,1.01027,1.00472,0.890459,1.12719,0.785937,0.547858,0.348156,0.543527,0.266932,0.229343,0.220766,0.171551,0.16454,0.189764,0.196883,0.22368,0.182794,0.112643,0.101173,0.0908281,0.0790276,0.0876489,0.131194,0.108065,0.131172,0.0646058,0.0479742,0.0580171,0.041449,0.0270042,0.0181464,0.0121611,0.0118933,0.012411,0.00335567,0.00250732,0.00291259,0.00126201,0.00134257,0.00242394,0.0022954,0.00254783,0.00263766,0.0013872,0.000294514,0.000233858,2.15E-05,6.14E-06,2.43E-06,1.92E-06,6.76E-07,7.15E-08,6.16E-09,2.14E-11,1.31E-12,1.60E-14,3.49E-17,1.41E-17,2.32E-21,1.72E-21,1.83E-22,3.54E-29,5.12E-35,2.60E-49,2.16E-97,0
4.39168,4.42446,3.66005,3.77309,3.99783,2.84366,3.12977,3.43685,3.18526,2.3781,1.83318,1.04564,1.39534,1.70647,1.71802,1.61958,1.07861,0.762199,0.99974,1.08162,1.50585,2.01605,1.64675,1.87751,2.03024,1.9645,2.6778,2.34745,2.24295,2.14626,2.59313,1.88586,1.96303,1.60555,1.12617,1.23499,1.22285,0.768909,0.432501,0.466797,0.36128,0.382704,0.221856,0.414329,0.223526,0.2121,0.173295,0.0835152,0.122943,0.111323,0.200917,0.155839,0.15404,0.119886,0.0716661,0.0794655,0.0336633,0.016261,0.00409063,0.00586673,0.0109963,0.00565569,0.00307659,0.0022804,0.00229704,0.00168895,0.00158947,0.00285373,0.0013579,0.00124998,0.000415892,0.00037893,0.00037536,0.000430171,0.000100582,0.000105679,0.000130455,6.48E-05,1.04E-06,9.36E-08,2.70E-08,5.58E-08,4.49E-08,1.05E-07,5.21E-07,2.00E-07,5.17E-08,8.57E-08,2.27E-07,6.88E-10,8.61E-11,6.09E-10,1.48E-10,2.16E-12,1.28E-13,4.43E-20,2.86E-25,1.03E-37,6.25E-83,0
4.39168,4.67567,4.71679,4.02215,3.18334,2.57371,3.18008,2.5173,2.66403,2.78571,3.61852,3.48986,3.35154,2.6307,2.05159,1.57814,1.18665,1.16348,0.993335,1.31432,1.57641,1.66572,1.35706,1.47643,1.15957,1.71658,1.66675,1.50891,1.82165,1.35669,1.2102,0.966067,0.92309,0.804306,0.93535,0.839655,1.08104,1.12275,1.12699,0.690047,0.628829,0.712023,0.826229,0.918643,0.852656,0.537177,0.409327,0.158927,0.192309,0.159194,0.104866,0.0808403,0.109114,0.129249,0.17907,0.140847,0.167912,0.246592,0.26334,0.240611,0.151133,0.494258,0.444904,0.528905,0.366501,0.43656,0.796476,0.893607,0.996406,0.686103,0.873682,0.524953,0.300391,0.440053,0.288805,0.284579,0.18993,0.207584,0.221397,0.34189,0.104987,0.11259,0.213866,0.277865,0.516216,0.56019,0.61146,0.322938,0.681417,0.564828,0.262589,0.183727,0.340698,0.610714,0.269184,0.439131,0.404832,0.660554,0.960172,0
4.39168,5.24319,4.48559,4.32436,5.41704,5.10119,4.63637,3.91412,4.71675,4.86209,5.78502,4.5277,4.85618,4.67128,5.94591,5.49802,6.46577,5.99352,4.40579,5.25689,4.7636,3.96005,4.54674,5.68564,4.23472,5.31313,5.15728,5.54406,6.57821,4.905,4.82247,5.91032,6.34566,6.01193,5.71901,4.06628,5.58393,4.98272,5.06244,4.78672,3.2994,2.87031,2.09609,1.59581,1.56527,1.5392,1.81796,1.90672,2.1409,2.12509,1.93561,1.66293,1.47052,0.651076,0.963477,1.26083,0.847083,0.876486,1.06319,0.904243,1.07154,0.678214,0.466184,0.527354,0.36454,0.8513,1.25907,1.66176,2.87022,2.08602,3.66558,5.18667,6.65645,7.99982,7.98465,3.94641,5.04194,5.49382,4.88687,3.90932,3.13976,1.6284,2.16902,2.18402,2.18548,1.45426,1.86489,2.56125,0.811861,1.01388,0.422444,0.129865,0.257528,0.0571825,0.107966,0.0655307,0.00318367,1.96E-05,6.28E-05,0
4.39168,3.26332,3.25211,3.55598,5.72687,5.67026,5.08139,5.17865,5.64866,5.98655,6.3497,6.78167,6.99198,7.85817,7.90404,7.49252,6.54016,6.72231,6.75139,6.86051,7.78216,7.96747,7.99109,5.95265,7.44343,8.04676,7.66528,8.15432,6.26968,7.2365,9.2689,11.4536,7.85931,8.93648,9.47424,9.42135,6.69462,5.82795,4.80494,5.10472,4.7272,4.1804,3.84397,3.64228,3.90066,3.17224,2.28136,2.0349,1.873,1.56157,1.70807,0.815673,0.574042,0.29004,0.328544,0.315867,0.314231,0.271084,0.275155,0.251149,0.244319,0.138515,0.172018,0.0842808,0.157752,0.0415299,0.0413153,0.0155312,0.0247949,0.0301179,0.020053,0.0186364,0.0136163,0.0119107,0.0058539,0.0167534,0.0120171,0.0064322,0.0158578,0.00685028,0.00368157,0.0023609,0.00038721,9.77E-05,1.96E-05,4.71E-05,9.10E-05,2.67E-05,1.45E-05,1.11E-05,9.69E-06,6.16E-06,4.89E-06,6.45E-08,1.31E-08,3.46E-09,3.92E-13,6.43E-24,2.94E-54,0
4.39168,5.06747,4.20694,3.22149,3.03738,3.1064,3.15375,3.33691,3.47713,3.5169,4.05757,4.34493,6.11744,5.68758,7.11796,7.24315,7.2388,8.77645,7.65673,7.0419,7.9337,8.75899,9.64468,8.44593,9.36966,10.5148,9.59555,10.7205,9.59442,10.1185,8.56143,7.42059,8.70768,8.56067,10.1103,9.25748,10.1532,8.15425,8.90085,7.7323,6.93888,7.74987,9.47992,9.41611,8.64216,7.02874,5.117,5.69958,6.55566,7.45913,6.77325,8.2803,9.05606,9.18232,11.1471,11.6214,10.0783,9.69753,10.1578,12.3661,13.5498,14.8457,15.9416,12.6809,13.7433,16.0961,18.5367,20.5786,20.5299,20.3303,16.3913,14.937,15.4843,17.6459,15.5465,16.5422,14.1052,11.2191,12.5954,13.308,15.0756,14.9273,11.4426,13.2385,13.5903,13.0518,15.6129,15.624,17.2046,18.4587,19.1921,18.4377,18.9572,17.5397,14.241,12.2907,9.28447,10.148,9.1664,9.65394
4.39168,4.84381,4.55773,4.55064,5.60804,6.61752,7.1007,9.55099,8.4749,7.74401,7.67819,8.19799,8.52816,8.12528,8.11914,7.42807,6.2317,5.68463,5.98138,5.43612,5.75623,5.26452,6.46835,5.66357,4.66853,4.90014,5.12133,5.78027,6.55859,6.11819,6.95495,5.52018,6.09101,6.01002,4.25485,5.11249,5.08591,5.49013,5.46515,7.19627,8.58815,9.13418,8.7643,9.02122,11.7621,11.6444,12.2272,10.9163,8.88745,8.58602,8.82743,7.45103,6.48103,4.53642,5.67602,4.82995,3.45577,3.34369,2.77588,2.5681,2.35361,3.52145,2.63251,4.18842,4.2561,5.01251,5.54306,7.25518,6.85978,6.21425,7.49155,4.72644,4.70982,3.54341,2.88175,2.46437,2.53436,4.62242,3.88305,2.62779,3.70683,4.80956,3.78798,3.82792,3.57027,4.17569,4.62946,4.66168,5.14958,3.98058,2.76423,2.56941,1.87627,2.90818,2.99793,2.46246,2.3114,4.04023,2.95274,2.46089
4.39168,4.43663,3.44391,3.54455,4.37332,4.01694,4.26784,5.36484,6.62715,6.59063,7.41703,7.56706,8.54441,6.17712,6.95708,7.60916,8.59388,9.46949,7.61021,8.24493,7.42336,8.38674,8.1408,7.24916,7.68373,5.82858,5.71664,6.3871,6.74482,6.68064,6.48838,7.05008,7.17643,5.62591,6.11226,6.52202,6.43704,6.5765,8.51128,7.33019,8.3752,8.9137,8.46,9.07731,10.7911,12.0885,11.3048,10.3204,8.26528,9.16372,8.3262,9.55548,9.66318,10.639,9.21171,10.532,9.63687,9.2568,9.08293,9.46454,11.0193,12.7304,12.0925,10.8624,14.2761,14.6547,14.9136,13.0134,12.4579,12.3888,12.9094,14.9479,17.6597,16.0625,14.0831,15.6701,19.8278,20.4781,19.0508,19.6341,20.0289,21.0076,19.7949,16.5217,18.3113,18.2163,16.7646,23.3103,24.9385,26.3517,26.9371,27.1121,27.9593,27.7857,31.7553,30.2484,34.9438,34.5559,36.3135,37.7299
4.39168,4.05549,3.83952,3.74675,3.76556,3.69488,3.69911,4.00806,4.48602,4.53079,3.59308,3.98058,2.97767,2.73496,2.54294,2.28321,2.58873,2.07915,2.15797,1.99719,1.79344,1.91799,1.80586,1.76969,1.77841,2.29504,2.63335,2.39351,2.17438,2.35789,2.90507,2.79818,2.36671,3.13132,3.04461,3.01637,2.2133,2.82673,2.64279,2.49746,2.05804,2.16453,1.52493,1.02646,1.09284,1.07591,1.136,1.19366,1.22876,1.12803,0.994126,1.59631,1.42657,1.58422,1.73567,1.68075,2.2993,2.7528,2.17597,2.34852,2.24459,1.20906,1.54925,0.784875,0.719647,0.831273,0.966169,1.20021,0.924401,0.984459,0.965587,2.03656,2.58091,3.05529,2.6526,3.32862,3.33803,2.40646,1.74938,1.89411,1.54108,1.31612,1.63405,1.21668,0.903028,0.695241,0.281088,0.129304,0.0491944,0.130235,0.0516877,0.133191,0.162259,0.122293,0.07257,0.0422244,0.0826861,0.26495,0.513535,2.14854
4.39168,3.73013,4.44655,4.75125,4.89345,5.74677,7.19745,8.27478,8.84615,8.52463,8.42902,9.26044,8.08476,7.96286,7.12687,6.29628,6.2882,5.80047,5.01282,6.0136,6.46637,6.75083,5.7971,5.95107,6.31499,6.13646,5.36915,4.49638,4.25414,4.9044,4.09162,3.23404,2.63759,3.55969,4.05532,3.66123,3.42023,4.41003,5.07829,5.4072,6.42304,6.25844,5.4601,6.31718,6.46253,4.81456,4.17267,3.91685,4.08163,4.37735,5.32579,3.9098,4.35746,3.23025,1.80839,2.04005,1.70262,1.55061,0.675681,0.578658,0.465229,0.520127,0.932155,0.519524,0.67083,0.331657,0.369388,0.2108,0.127183,0.0645362,0.0604593,0.0421646,0.041993,0.0360488,0.0584483,0.0500189,0.118955,0.0809062,0.0940007,0.076847,0.0592742,0.0284966,0.0255224,0.0029867,0.00402787,0.00290696,0.00144693,0.000220684,0.000100992,1.56E-05,4.81E-07,2.11E-06,4.60E-09,3.22E-09,4.87E-12,3.74E-13,7.42E-20,6.79E-28,9.31E-58,0
4.39168,3.85263,5.10184,5.13679,6.01206,5.46573,5.28082,5.98633,6.36753,6.34412,5.11217,4.87515,3.95559,3.99803,3.58479,3.0279,3.16126,2.89008,2.9424,3.01635,4.01205,5.70509,6.28208,4.90773,3.66819,4.05409,3.03772,3.46774,3.66376,3.40822,3.00878,3.69373,2.57918,2.38335,2.58221,3.68669,3.90651,4.85121,3.22015,3.3885,2.45021,2.08282,1.81842,2.26541,1.87373,1.45846,1.5155,1.45426,1.08018,1.0116,0.758097,0.849406,0.865421,0.456992,0.451893,0.466316,0.555041,0.552887,0.492064,0.235364,0.193057,0.315279,0.13617,0.139086,0.147351,0.124206,0.178407,0.261316,0.485304,0.614381,0.587572,0.324515,0.291559,0.309028,0.338491,0.236399,0.173741,0.187394,0.120007,0.0930609,0.0419806,0.0441201,0.0174204,0.0289577,0.0371674,0.0398494,0.0292566,0.0151665,0.00482991,0.000783091,0.000152151,0.000748106,0.000983959,0.0029684,0.00121984,0.000301957,2.06E-05,1.32E-07,8.55E-11,0
4.39168,4.12528,3.34087,3.73185,3.0393,2.83116,2.14271,2.39885,2.80058,2.02505,2.07062,1.21133,1.1491,1.35667,1.21781,1.12186,0.999796,1.20238,1.33765,1.3863,1.58496,0.876057,0.937745,0.98615,0.827634,0.830289,0.695622,0.694645,0.583187,0.447307,0.545561,0.517291,0.664882,0.570559,0.651584,1.14337,0.796525,0.609584,0.567155,0.500836,0.409539,0.24798,0.217746,0.282358,0.224836,0.291698,0.181033,0.121101,0.179503,0.174003,0.182497,0.154666,0.125317,0.126666,0.0839704,0.0972565,0.0757382,0.114786,0.0849656,0.0969195,0.0474129,0.0383085,0.0626575,0.0805796,0.100134,0.0923375,0.0408916,0.0441389,0.026326,0.0249213,0.0325959,0.0344713,0.0395166,0.0220415,0.0110106,0.00516355,0.00502837,0.00237623,0.00436197,0.00443411,0.00195763,0.000828851,0.0002972,0.000229984,0.000102791,2.56E-05,8.55E-07,1.86E-06,2.59E-06,6.19E-07,5.79E-08,1.67E-10,3.58E-11,1.60E-14,5.37E-19,3.79E-23,5.08E-31,5.40E-42,2.69E-100,0
4.39168,4.44587,3.40787,3.65944,3.64823,4.60302,4.12836,4.61526,4.04135,4.17817,4.95491,4.75891,4.92131,4.58938,4.77821,4.16656,3.49387,3.08009,3.64798,3.74432,3.6519,3.30777,3.71539,3.45965,3.55944,3.88534,3.72617,4.18424,3.63401,3.04873,2.42121,3.40244,3.54685,3.19052,3.09242,2.16529,2.16061,2.02314,2.47509,3.21515,2.94196,2.41508,2.68152,1.95608,1.40159,1.91493,1.89183,1.94967,2.19204,2.13823,2.32189,2.18525,2.21308,1.84238,1.17308,1.23125,0.756042,0.58123,0.593434,0.672892,0.541669,0.467458,0.466488,0.580648,0.91762,0.904641,0.796459,1.01303,1.07993,0.811858,1.17129,1.35992,1.16248,1.36982,2.14748,1.94402,1.40164,1.73453,1.0907,0.840056,0.42325,0.162509,0.199269,0.21869,0.312735,0.689094,0.409405,0.242208,0.326751,0.165318,0.150854,0.0843894,0.164708,0.144465,0.704973,0.303018,0.144835,0.0161833,0.00014863,0
4.39168,4.10102,4.17568,4.87833,4.12738,2.83354,2.34491,2.89981,2.82326,2.3672,2.87172,2.50622,3.27404,4.02236,3.97623,6.06886,7.22039,8.90672,10.0146,9.82613,7.98053,9.79137,9.66249,8.48003,10.6982,12.1883,11.4029,11.5272,10.7504,9.02249,7.57001,6.20758,6.83298,7.03847,7.12586,5.82923,4.55842,4.3526,4.76039,3.41374,4.02413,3.95758,4.13746,6.25193,4.56943,3.9592,3.477,2.83874,2.46188,2.46662,2.53642,2.7574,1.9789,2.71269,2.63958,3.04259,4.0718,3.18938,2.88314,3.35092,3.21531,2.40903,1.42534,1.15796,0.54721,0.648237,1.27041,0.923808,0.669937,0.762846,0.515952,0.415785,0.301708,0.279846,0.0847283,0.0457977,0.0232866,0.0299395,0.02822,0.00839821,0.00514698,0.00910954,0.015345,0.0212476,0.0311556,0.0245712,0.00926075,0.0614403,0.0474634,0.0469783,0.0177339,0.0862592,0.0843902,0.0133979,0.0132163,0.00144796,6.93E-05,0.000826059,2.00E-08,0
4.39168,5.44008,6.11491,5.62885,6.96975,7.36434,6.6407,6.94665,6.26096,5.65286,5.82818,5.76555,6.24776,5.6683,4.8302,4.68916,3.82937,4.16725,4.12937,3.59068,2.80488,2.36183,2.07062,2.30666,2.01094,2.00144,2.15769,2.49667,1.99648,2.18362,2.29599,2.22294,2.04399,1.88442,2.14643,2.23079,1.70016,1.09967,0.918287,0.85912,0.823514,0.628516,0.495453,0.614628,0.590049,0.707213,0.375137,0.227451,0.317012,0.189874,0.16116,0.20293,0.138711,0.150147,0.0788822,0.106157,0.0647068,0.122438,0.102504,0.057827,0.0811811,0.18712,0.261359,0.334452,0.251202,0.094879,0.058221,0.0389363,0.0408981,0.0584554,0.0642504,0.0696778,0.0662262,0.0796994,0.0626087,0.149413,0.316063,0.157826,0.0663535,0.0509935,0.0433101,0.0471212,0.0217491,0.00939315,0.00521659,0.00290048,0.00271078,0.00166015,0.00523704,0.00588568,0.0151558,0.000534629,9.04E-05,6.16E-06,3.88E-07,5.88E-09,5.49E-14,2.12E-17,1.11E-35,0
4.39168,4.83419,3.92694,3.38609,3.20592,2.39067,2.38103,2.25381,1.78661,2.14321,2.14718,2.38973,3.59004,3.68614,4.12725,3.66189,4.36158,4.67097,4.87613,5.5423,4.91388,3.26984,3.73063,3.59892,2.70677,1.93855,1.5396,1.37581,1.09019,1.30591,1.67254,2.37369,2.68121,2.42522,2.38198,2.22372,2.4027,1.66385,1.29194,1.80365,1.36132,1.69973,1.99091,2.39724,1.28417,2.0051,1.68649,2.58151,2.21627,1.85969,2.35965,2.53765,2.2529,1.94439,1.37695,1.9157,1.74264,2.08018,2.54985,2.76503,2.05701,2.21056,1.5014,1.39723,1.55722,2.29785,2.18493,2.39828,1.86882,2.13758,2.89651,2.45067,2.96347,2.32193,3.25935,5.19349,5.80188,6.39169,7.43117,8.11623,8.99466,9.66756,9.0087,9.018,9.16054,10.3044,7.84996,8.69404,8.18675,7.95416,6.61118,7.12542,6.05435,5.14113,7.27163,6.38104,7.42976,8.14109,6.34292,6.55174
4.39168,4.10507,4.50878,5.34577,5.77344,4.46361,4.54382,5.1485,5.40312,6.85573,6.65797,6.53481,6.29927,7.10044,7.34052,6.50567,6.84017,7.20179,7.63645,9.3337,8.9278,9.80537,9.45562,12.2498,11.1213,13.6138,13.1481,13.7764,14.9327,12.9698,12.4557,12.0926,11.4019,13.188,16.237,15.5366,15.6878,16.3732,17.9631,15.8526,13.0631,14.6527,17.7351,18.7122,17.821,18.8171,19.5311,20.4902,21.7112,22.1852,25.6643,28.0773,30.3297,28.9089,29.6552,29.076,29.3887,28.8668,28.2691,32.3925,33.1476,34.4733,34.5813,29.8202,30.3654,26.3164,24.6472,22.8599,19.1236,18.0147,15.3672,15.6721,15.9974,14.8858,13.1349,11.5347,12.9971,12.2939,13.0279,17.4222,17.8033,18.5115,17.0437,15.1895,14.7465,14.5302,14.4738,13.7413,16.1933,15.3081,12.138,12.9744,12.5525,11.0632,13.4479,16.7373,16.7442,18.5008,19.4206,16.9124
4.39168,5.14867,5.35347,4.2825,4.03561,3.14598,3.27763,3.339,3.50719,2.76399,3.50683,2.96989,2.62203,3.14512,3.09715,2.85407,3.12112,2.85263,2.03013,2.01517,2.30695,2.38795,2.76706,2.18691,2.16005,2.46018,3.04635,3.09715,3.89578,3.50261,4.43399,3.72399,4.69859,5.00913,4.61469,4.14269,3.28827,2.95132,2.93036,2.40994,1.74781,1.097,0.673672,0.56939,0.463338,0.379849,0.569651,0.425757,0.405294,0.153174,0.192216,0.153371,0.253246,0.279676,0.396686,0.474585,0.204617,0.205406,0.153019,0.16005,0.187703,0.204185,0.167799,0.120575,0.181082,0.280507,0.285844,0.722869,0.477571,0.378376,0.549446,1.08653,0.857199,0.512025,0.652504,0.987622,1.10397,0.954776,0.926834,1.56775,1.66789,2.27977,2.84748,3.21978,3.94766,4.17308,3.76691,3.95928,3.46586,6.32822,7.06714,8.21943,10.0937,10.246,9.36628,7.43327,6.04495,6.77231,6.02251,5.85696
4.39168,3.99156,4.31461,3.66095,3.55708,3.38144,3.71041,4.13888,4.08598,5.25154,5.39305,5.91151,5.75667,5.56125,4.28537,4.14337,3.86905,2.95292,2.82362,3.64531,3.02442,3.15706,2.72706,3.06658,3.37279,3.47939,2.88161,2.33057,2.30103,1.34657,1.59398,1.87889,1.63579,1.5618,1.75494,1.63345,1.31148,1.27501,1.25729,0.969032,1.16412,0.603496,0.495412,0.702824,0.574542,0.309653,0.245299,0.219575,0.201493,0.167739,0.133065,0.171875,0.153128,0.0701375,0.0928648,0.0772548,0.0641386,0.0692556,0.0711634,0.0841118,0.12054,0.0914217,0.201418,0.145547,0.0659982,0.234425,0.240976,0.234277,0.257501,0.384216,0.21597,0.24338,0.140057,0.128784,0.13417,0.0672555,0.0340153,0.0101117,0.0120938,0.00784342,0.00219168,0.00225113,0.00361617,0.000205837,0.000409802,0.000105996,3.05E-05,1.01E-05,0.000115663,0.00108381,0.000622079,0.000536729,9.83E-05,1.20E-05,0.000155253,2.67E-05,3.82E-07,3.03E-11,5.52E-18,0
4.39168,4.27653,4.46127,4.50896,5.53246,6.33238,6.00262,6.08709,5.29584,5.84541,5.90121,5.88802,5.79987,7.28498,6.82484,7.0867,8.48413,8.36974,8.70084,7.62785,8.71215,6.72832,6.16146,5.86883,5.16133,7.2471,7.89783,9.52959,10.0611,9.29245,9.78792,7.87438,7.74228,8.40835,9.99501,9.41277,11.0422,10.488,10.9448,10.4596,9.50986,8.72824,10.3533,9.46949,8.72639,9.45459,11.8019,13.8169,14.7848,17.2948,19.1355,18.748,16.6368,16.5118,19.702,22.0566,23.0179,24.3253,25.237,25.7667,26.7674,28.2993,27.6945,27.0388,29.4594,27.6969,25.759,24.6428,23.3147,23.1031,21.765,19.8448,18.0992,20.2912,22.4423,23.8277,19.613,21.0752,22.4619,22.5935,23.6981,23.1148,23.2448,27.8205,27.0151,24.4995,28.5255,27.5775,25.5783,25.8451,27.5379,27.6587,24.7155,24.5423,26.8629,27.1001,28.2884,26.1208,23.2942,24.1125
4.39168,4.74356,3.93049,3.6453,3.29633,4.93401,5.41542,5.74355,5.01416,5.80572,5.92436,6.2709,5.835,5.44329,4.40799,5.69067,5.5378,5.16227,5.01136,5.81805,4.76114,4.178,5.5263,5.28472,5.49178,5.23973,5.57873,4.72765,4.45336,3.56543,3.90125,3.30091,2.75482,2.85936,2.53662,2.36852,2.20254,2.01934,2.38243,2.66264,1.80568,1.58685,1.28249,1.82505,1.90559,1.54004,1.70438,2.20136,3.02135,2.73414,2.5642,2.98839,2.76836,2.65788,2.5523,1.80495,2.18912,2.92369,3.34202,4.78909,4.49469,4.24918,3.67717,4.80678,5.9374,5.87364,6.5182,4.70629,5.13834,4.87136,5.39007,4.76934,6.22981,8.68288,10.1036,11.5201,10.4856,13.5345,15.1523,12.9074,15.1087,11.5871,9.46874,7.93324,6.99919,8.0181,5.51664,3.81656,4.81856,7.56672,8.93345,11.2006,10.7333,7.52356,7.58069,6.28841,9.21872,6.78894,7.69046,7.85782
4.39168,4.58251,5.55032,5.97134,6.14271,6.70503,6.37768,5.39474,6.18807,5.35479,4.41368,4.08905,3.75079,4.48878,4.09364,4.75338,4.43117,4.31214,3.98325,3.39613,2.60305,2.15165,1.96033,1.66968,1.71522,1.3818,1.1883,1.35516,1.07165,0.950037,1.20775,0.901909,0.949763,1.23358,1.17286,1.38504,1.74976,1.40939,1.12452,0.95961,0.560027,0.770641,0.78137,0.61505,0.687989,0.589289,0.575437,0.623642,0.645721,0.44122,0.59068,0.638636,0.628984,0.472553,0.566169,0.438939,0.736919,1.08759,0.73847,0.494233,0.380414,0.284471,0.448942,0.458853,0.454141,0.317372,0.123675,0.0600396,0.11421,0.0918268,0.0673204,0.0721571,0.0767111,0.0587172,0.0791385,0.118738,0.111003,0.130891,0.304571,0.183011,0.183094,0.139799,0.134492,0.0707707,0.031165,0.0133037,0.00602346,0.000580624,7.40E-05,0.000207573,3.22E-05,1.68E-06,6.44E-09,2.14E-07,1.12E-08,3.35E-14,7.81E-14,6.54E-24,1.54E-39,0
4.39168,4.06283,3.29534,2.80721,2.80813,3.57829,3.42417,3.04514,3.05044,2.94322,2.04841,2.25259,1.74445,1.64861,1.61856,1.27125,0.915966,0.765719,0.9595,0.717744,1.01994,0.924465,0.600811,0.692288,0.630421,0.570202,0.635415,0.478889,0.875584,0.870848,0.78982,0.948498,1.2355,1.36542,1.48214,1.88222,2.20784,2.97433,3.01765,5.19267,6.63712,8.59986,8.51459,7.95896,8.22128,7.07471,6.91606,9.20952,8.94603,9.68182,11.9423,11.3119,11.817,11.3051,11.4509,12.2394,9.76259,9.8153,8.70199,7.54864,5.82055,8.90461,10.2164,8.78124,7.04699,5.47248,5.8324,4.90581,4.73098,4.77242,4.61984,4.42421,3.27101,3.5089,4.99146,4.52993,4.73505,5.22086,6.23216,7.6075,8.42088,8.23129,9.81267,9.94794,8.29784,7.31935,6.87679,6.10116,4.5902,5.9323,7.73387,7.09347,5.6385,6.91198,6.52199,6.1034,7.49617,5.84611,5.72894,5.3577
4.39168,4.49486,4.68433,5.93379,5.15021,5.91407,6.03335,6.63239,6.27958,6.94819,7.87134,8.39496,8.49023,9.46023,9.14907,8.4897,8.85587,8.73124,5.78731,6.2026,5.82845,5.78482,6.22672,7.97135,8.10809,9.0571,10.678,12.0965,12.8952,12.788,9.90585,8.03929,7.43154,9.87846,8.04675,8.32956,9.71208,7.95782,8.24997,7.1059,6.48551,6.43667,6.57994,7.73895,7.58896,5.45311,5.30527,4.38319,3.572,3.92269,4.66145,5.42367,4.49502,3.53361,3.23422,1.97436,2.18744,2.07727,2.07533,2.07347,1.81301,2.67484,1.78825,1.31369,0.99031,0.867274,0.712022,0.923943,0.731696,0.432653,0.211357,0.173741,0.0875802,0.15848,0.184484,0.178985,0.216475,0.130934,0.067721,0.0870992,0.0724203,0.0959128,0.0206604,0.0100561,0.00310311,0.000599006,1.63E-05,5.22E-05,1.36E-05,3.05E-06,4.44E-07,4.80E-08,1.81E-10,4.23E-13,5.36E-13,4.45E-11,1.92E-15,1.73E-20,7.15E-36,0
4.39168,5.53186,4.49699,5.54847,4.92458,5.67888,4.78005,5.20634,4.98073,4.92794,4.99934,4.6244,4.55548,5.46978,5.01262,4.51185,3.75225,4.47454,3.39934,4.91676,3.95664,3.22522,3.04011,3.0068,3.78957,3.07341,3.19468,4.36048,3.98478,3.89989,3.89659,4.52713,5.83669,6.21363,7.32886,6.47314,5.37739,4.55826,5.87853,5.15594,5.39546,4.961,3.81758,4.09207,4.94812,4.53328,3.38404,4.84286,6.638,6.67911,5.31833,5.30201,4.1299,3.37242,3.93187,2.43898,2.06721,1.69472,2.08102,2.69625,3.51734,3.38195,3.74741,3.55072,3.26581,3.35854,3.2698,3.25854,2.66985,2.5625,2.37531,2.88479,2.78568,1.45304,0.729429,0.503413,0.320187,0.252546,0.382809,0.215938,0.139068,0.0426966,0.0321689,0.0259282,0.0213703,0.00839841,0.00510726,0.00051657,5.78E-05,5.43E-06,1.33E-06,2.50E-07,1.73E-08,1.31E-08,4.01E-10,1.29E-11,4.38E-14,2.07E-20,8.97E-46,0
4.39168,4.55869,5.00801,4.65797,3.62888,4.26631,4.02273,4.46294,5.91362,4.28183,5.15095,5.69531,4.40657,5.47689,6.46204,5.76353,5.49493,6.63038,7.12287,8.97337,9.46523,7.28905,8.23685,10.1401,8.98665,10.3531,9.93305,11.3042,12.0151,12.4351,12.304,13.5737,13.7507,12.3623,10.0652,10.9037,11.5186,10.463,9.83812,9.99818,8.71927,8.20084,8.8247,8.55626,9.69408,10.9992,9.17914,10.0231,7.40754,7.58151,6.58508,4.92567,3.81109,3.87262,2.65692,2.4257,2.34111,2.79426,2.6095,1.93804,1.61368,2.06712,2.45686,2.35764,2.32382,2.13793,2.73056,3.04042,4.23214,3.73664,4.94879,4.83044,3.55103,4.662,5.27761,5.8436,4.03497,5.16758,4.07079,2.61533,3.52729,3.11989,4.15687,4.71965,7.98483,10.92,11.5984,13.1347,11.8178,14.2612,13.3819,11.7452,13.0069,14.7708,11.1248,12.8863,15.7586,16.652,17.9997,15.7647
4.39168,4.56558,4.82869,4.72117,4.99027,6.0317,5.67216,6.30702,7.58151,7.61191,7.84882,8.1647,8.55349,6.92214,5.77303,6.14903,4.49344,4.31076,4.24098,3.84738,4.37482,3.99143,3.40446,4.69023,4.91267,6.42018,7.90178,8.05683,7.88859,8.96641,9.62555,9.64911,10.1647,9.11768,8.611,10.3986,10.4531,9.54548,10.8355,10.9356,11.0498,11.5718,10.9319,9.64041,8.22217,8.88081,8.73469,7.21139,7.91715,6.91945,5.97661,6.24596,5.13613,4.41768,3.57808,2.85628,3.16422,2.05141,1.84638,1.67593,2.28903,2.15127,2.00721,1.93925,0.822802,0.390102,0.723395,0.595583,0.954565,0.977321,0.823009,0.589387,1.03391,1.15022,1.91067,2.16441,2.11588,1.35644,1.18296,0.462263,0.497784,0.8135,1.45761,1.70514,1.16536,0.772924,0.482799,0.345163,0.662314,0.457831,0.158479,0.186917,0.347175,0.212524,0.0697592,0.00305568,5.44E-05,0.000377193,6.81E-09,0
4.39168,5.53176,5.52254,5.14536,4.31343,3.67649,3.14148,2.72589,2.90098,2.56237,2.95319,2.95097,2.44271,2.28248,1.73225,1.49021,1.22014,1.33614,1.35717,1.16034,1.24973,1.17646,1.42512,1.08372,0.679198,0.691692,0.98184,0.787816,0.652455,1.02543,0.905162,0.509281,0.457804,0.359421,0.522774,0.354479,0.340268,0.559255,0.666467,0.567512,0.656172,0.422942,0.454241,0.728413,0.854219,0.972093,1.06957,0.949752,1.10013,0.737213,1.09327,1.14488,1.33529,1.12679,0.97665,1.27797,1.0895,0.668161,0.772747,1.19358,1.38752,1.06709,0.785043,0.779176,0.726487,0.571164,0.707349,0.660947,0.502845,0.285216,0.381676,0.445799,0.736244,0.490915,0.679405,0.92913,0.954128,0.892451,1.09824,0.962699,0.464458,0.186791,0.0702332,0.0166777,0.00128,0.000125686,3.60E-05,1.06E-05,8.39E-05,8.06E-05,1.33E-05,8.44E-06,1.20E-05,8.45E-07,5.40E-07,2.50E-06,3.87E-09,1.51E-11,3.38E-22,0
4.39168,4.61419,5.46743,5.82841,6.02271,4.17789,5.13278,5.88906,4.77338,5.19355,5.14589,4.69409,6.07917,5.5272,7.28952,5.88532,5.70602,6.10076,6.04425,5.74252,4.8758,3.64778,3.72882,4.22927,3.40442,3.8381,2.76786,3.37301,4.56583,3.20805,2.46111,1.73622,1.43041,1.30972,1.16109,1.22834,1.36032,1.13771,1.15421,1.20027,1.38463,1.36277,1.1007,1.03339,0.705622,0.6403,0.39954,0.332455,0.352144,0.524982,0.567921,0.430124,0.598535,0.453443,0.520358,0.459697,0.391769,0.493962,0.451482,0.593334,1.15372,1.08842,0.877764,0.879377,0.74343,0.694362,0.658258,0.727621,0.430157,0.639305,0.488281,0.609698,0.387911,0.315427,0.418484,0.431866,0.643624,0.993408,0.887093,1.00186,2.01036,1.35496,1.44383,1.52954,1.87958,2.19725,3.34496,4.23556,6.40228,5.36509,5.85017,4.62108,3.84,2.71664,4.071,1.77969,2.13994,0.597654,1.79908,0.919515
4.39168,4.81748,4.87399,4.91287,3.95171,4.65679,3.63162,3.51173,4.02423,3.94746,4.65167,4.87172,4.05992,4.33419,4.55058,3.84672,4.01356,3.71525,3.99979,3.5877,4.49827,4.85626,5.51834,5.29111,6.00081,5.68808,5.79551,4.85067,7.00135,5.55401,5.99894,8.29888,9.31989,8.95122,8.94947,7.62364,8.09423,8.6636,8.09805,9.50726,9.51733,9.62214,10.4248,10.4958,8.25336,9.96093,9.71261,9.15822,9.38531,10.6269,9.66762,11.3394,11.7853,9.25111,8.07577,6.50505,7.68533,6.76369,5.71547,5.21206,5.61563,4.14904,3.77322,3.47889,3.48863,4.3955,3.38029,4.28561,3.60874,4.85662,4.12597,4.93895,3.35414,2.67465,2.25589,2.34236,1.29732,2.03519,2.68534,3.34136,5.99828,4.73342,4.26062,4.11789,5.56104,4.3582,5.73716,5.39591,4.29738,4.63974,4.38948,4.46566,5.34778,6.9351,6.66358,3.30856,2.91143,6.19335,5.06316,6.05619
4.39168,3.83483,3.5857,3.41237,3.70915,3.71486,4.24351,4.30654,4.17253,5.50392,6.22383,5.4173,4.49624,5.40452,5.41233,4.71765,3.44523,3.19924,3.85276,3.62442,3.87769,4.50364,4.4935,4.72278,5.039,4.08379,5.01999,5.1486,5.73145,7.08884,7.72564,9.01088,7.15492,7.65719,8.29236,9.27972,9.93004,11.2485,13.2171,12.4259,11.4727,13.1085,12.574,10.7577,9.95659,9.25764,9.0182,9.84745,9.3294,9.56793,11.9392,11.1778,11.5304,12.0493,12.096,11.0388,11.9835,9.27614,11.5903,11.1085,9.85443,12.0175,13.2387,14.9211,18.1897,16.9476,18.3374,21.5064,22.4964,20.3661,23.6129,22.4898,24.2714,23.5233,27.5831,23.8749,22.4284,18.3197,18.0762,20.3881,22.4871,19.6736,22.31,21.0129,22.8923,20.5098,18.9208,19.1131,18.9219,15.772,17.1433,18.6296,19.8228,20.8479,22.9149,21.9178,20.9684,22.94,20.8793,21.0462
4.39168,4.67133,5.24788,4.8328,3.87518,4.41221,3.26784,3.57011,3.66891,3.26982,3.06316,3.32963,2.89355,2.65734,1.88586,1.73409,1.71874,1.3683,1.07495,0.592896,0.692326,0.645127,0.393946,0.461894,0.432582,0.413143,0.328418,0.217124,0.118276,0.112208,0.157817,0.174806,0.178326,0.133624,0.0946052,0.107877,0.07091,0.0930714,0.045096,0.043063,0.0255773,0.0169189,0.0251042,0.0119632,0.0119554,0.0145681,0.00911737,0.00616339,0.014063,0.013017,0.00762185,0.00580345,0.0149493,0.034333,0.0442301,0.029433,0.0146382,0.0122833,0.0288492,0.0496941,0.0267301,0.0291006,0.0142308,0.0157962,0.0240482,0.0680991,0.0762082,0.112216,0.0608677,0.0160525,0.0184857,0.0117246,0.011446,0.00989184,0.00676492,0.0105861,0.00655903,0.00596078,0.00334676,0.00497837,0.00172548,0.000156297,0.000178731,0.000112938,3.06E-05,1.17E-05,3.52E-06,1.89E-05,8.16E-06,3.29E-07,3.25E-09,3.68E-10,2.14E-13,4.97E-15,2.37E-16,1.53E-21,2.50E-26,1.30E-35,2.91E-59,0
4.39168,5.44957,4.69887,4.98188,5.31491,6.56283,5.76771,5.36015,5.61305,4.90949,5.07962,4.1103,3.56462,3.6179,2.36745,2.52764,2.98435,2.38137,1.98488,2.31379,2.36103,2.44238,3.68363,4.24546,4.7977,5.63688,7.28984,7.52446,7.71669,8.91934,7.72802,6.87528,5.57986,5.1966,5.74244,6.05479,5.97827,6.22917,3.71312,3.79873,5.66433,5.80081,5.4657,4.87675,3.97321,4.23022,3.69982,3.34805,3.00858,3.4072,3.42118,3.25941,2.49617,2.3543,3.44137,2.9708,2.50772,2.55945,2.94333,2.38661,3.96087,3.39139,3.66604,2.66888,2.33181,1.96055,2.60555,2.45992,1.95941,2.37536,1.96965,1.58043,2.12057,2.44231,2.07942,2.03048,2.70465,2.35994,2.74259,2.91227,3.39075,3.38535,2.49584,2.0726,1.29431,1.86245,0.864763,1.03813,1.37918,2.58391,2.49156,2.14745,1.30204,0.642866,0.322578,0.251271,0.0933077,0.0177748,0.000273777,0
4.39168,3.6502,3.69923,3.237,3.86221,3.84438,3.59486,3.03034,2.88059,2.86285,3.58895,3.1499,2.48441,3.17639,4.37262,4.96018,4.62379,4.84783,5.48759,4.22295,4.12794,4.52217,3.80181,4.88912,4.40655,4.38855,4.31178,3.89585,3.65986,2.58984,3.01015,3.2416,2.97428,2.78759,2.14882,2.02178,2.59297,2.63276,2.36831,1.79892,1.71432,1.25652,1.03256,1.37281,1.59726,2.02037,2.17513,1.73054,1.50565,1.96149,1.72312,2.6352,2.6406,2.35629,1.75544,1.93712,2.53511,3.85894,4.39488,4.26737,4.21189,3.85246,3.90303,4.40724,5.02203,5.41591,5.6668,5.73345,6.49528,6.7553,8.86841,8.67899,9.17927,8.74306,7.84822,7.31276,9.27797,9.17504,7.63952,9.14775,8.07559,9.4262,10.6949,13.8622,12.2969,14.581,12.7538,10.3199,10.117,11.2499,10.3644,9.30379,7.33487,5.35158,6.05401,4.82536,3.35328,2.76537,3.47159,5.31923
4.39168,3.57834,3.6788,3.75697,3.34511,3.02744,3.10788,3.32225,3.11307,3.48149,3.54564,3.11166,4.13961,4.38717,4.57652,4.57752,4.68567,5.14514,5.30384,5.2161,5.46658,5.68581,6.53162,6.27039,5.42406,6.19867,6.51669,5.99121,7.78812,8.33665,10.6691,9.15059,11.1201,10.3326,11.0891,10.3977,15.166,13.2934,13.1707,12.6888,10.5635,11.7452,10.7551,11.3417,11.989,9.75388,8.46061,6.24848,4.33333,4.45123,4.3517,3.78152,4.04474,3.65097,3.401,4.20774,4.7296,3.61861,2.89535,2.87166,2.87036,2.99957,3.16437,3.11216,2.29168,2.87019,2.71545,2.73982,2.84806,3.71187,2.79902,2.41251,1.99925,1.51567,1.02773,1.37097,1.2295,1.0635,0.74256,0.634067,0.529263,0.297579,0.462416,0.16941,0.232116,0.377251,0.700411,0.846143,0.313745,0.289428,0.235448,0.132069,0.0819197,0.0280651,0.0101983,0.00091781,0.00010298,4.74E-06,3.44E-13,0
4.39168,5.13405,5.23455,5.95739,6.46558,6.31187,7.36312,6.44631,6.64755,6.06737,6.65887,7.62927,8.57009,8.64325,8.95227,10.1541,11.4258,9.73641,9.41046,7.88648,6.27035,4.16929,4.39831,4.02081,2.84227,2.74658,3.04811,2.99521,2.62331,2.21012,2.01342,1.94963,2.33753,1.9313,1.57484,2.59622,2.61617,2.46683,3.09855,2.49066,2.93496,4.05568,3.71747,2.67533,2.94431,3.10312,2.30715,3.16642,3.98724,2.47456,4.32051,4.20011,3.43119,3.29951,4.8671,5.15993,4.81277,5.84121,4.37732,4.51097,5.04842,7.13974,7.35426,7.12595,7.92799,8.40184,8.86363,8.00079,7.95707,9.19866,10.6809,10.3718,11.2273,13.1372,13.3372,16.3334,17.2598,17.6082,16.0771,13.9984,12.9372,12.6366,12.1931,11.9423,11.7788,11.3047,12.2769,10.4386,13.9003,11.0824,11.1311,11.2571,11.5855,10.3737,10.1841,10.3683,10.8406,8.22849,4.90742,4.10566
4.39168,3.9345,3.20502,3.51137,4.37071,4.96142,4.41796,4.01177,3.83859,4.42403,4.06557,3.25341,2.38751,1.81312,2.32195,2.32676,2.4069,2.16476,1.70098,1.91671,2.19507,2.16557,2.16993,2.36204,3.09362,3.03291,3.17458,2.73992,2.70635,2.32338,2.16766,2.21,1.80068,1.3747,1.38561,0.808355,0.833231,0.483329,0.375111,0.353076,0.29674,0.220024,0.23343,0.295505,0.195646,0.177692,0.358036,0.365521,0.323712,0.354864,0.649935,0.814169,0.837138,0.591222,0.83238,0.874007,0.930987,1.32576,1.74714,2.02705,2.36905,2.60662,1.85151,2.24351,1.99779,1.73726,1.09151,0.888851,0.83275,0.442662,0.515508,0.424995,0.495241,0.729296,1.28073,1.3029,1.40162,0.913527,0.906812,1.01005,0.82451,1.16468,0.853895,0.549635,0.668328,0.224927,0.233643,0.189964,0.266272,0.120002,0.131725,0.0281773,0.210098,0.496253,0.296379,0.112626,0.0541912,0.282052,0.246402,0
4.39168,5.11145,4.77718,3.43921,3.66607,4.47094,3.56988,3.92278,4.99311,3.45043,3.62735,4.1602,3.60011,2.65165,2.5014,1.91737,2.10931,2.55139,2.37673,2.44648,2.10524,2.37073,1.96127,1.55449,1.6351,1.39546,1.78687,2.21115,2.24351,1.96349,1.66439,1.34016,1.37225,1.23116,1.06605,0.956395,0.853289,0.740929,0.766631,0.945162,0.723841,0.974376,1.00669,1.22846,1.63524,1.64984,2.30802,2.89761,4.13752,3.71452,3.09079,3.04064,1.73514,2.39439,3.8294,3.38009,4.17807,3.71159,3.06515,3.17162,3.11013,4.58231,5.21054,4.56832,3.35986,3.96608,4.9459,5.67384,4.28524,3.78401,4.54169,4.94235,4.39785,5.32169,5.82752,4.74926,4.8239,3.55995,2.65421,1.07929,1.15075,2.18755,1.73625,0.648897,0.899924,0.912406,0.93533,1.41986,1.24202,1.2076,1.50029,0.772093,0.564192,1.08787,0.180251,0.143142,0.0307494,0.00212899,1.20E-05,0
4.39168,4.17592,4.5821,4.73865,4.20002,3.49262,2.83525,2.45723,3.55505,3.42506,2.52112,2.13415,2.20229,1.5535,1.36739,1.47052,1.55001,1.70142,1.93828,1.3589,1.04511,1.32637,1.07154,1.46217,1.43451,1.55038,1.87472,1.79327,2.78359,3.49875,3.51567,1.97531,1.71363,3.08882,2.99444,4.42457,3.62532,3.00191,2.95028,3.38274,3.39669,3.81342,4.36384,3.26288,4.03292,3.94786,3.48374,5.16338,5.3414,4.72774,5.26164,5.71138,6.45076,5.19276,4.28565,5.89148,5.37547,4.39914,5.01659,4.97783,5.96803,6.52473,4.66976,3.53113,2.49378,1.57016,1.06701,0.932342,0.518496,0.216339,0.348559,0.330137,0.194432,0.0911627,0.136654,0.103097,0.107692,0.20109,0.183274,0.316768,0.363669,0.162962,0.220851,0.156059,0.151988,0.0796898,0.0121178,0.028356,0.00578902,0.01302,0.0028825,0.00446705,0.000861316,2.99E-05,3.42E-06,2.57E-08,8.89E-11,5.62E-15,8.54E-25,0
4.39168,4.85125,5.77501,5.38316,5.40453,7.30247,7.22747,5.3433,4.87914,4.76226,5.78884,5.03307,5.57236,7.51379,6.24578,5.80574,4.55324,5.44818,4.9293,4.2041,3.43481,3.19051,3.17045,3.73952,4.07504,3.75533,3.603,4.42558,4.72223,3.38829,2.32522,2.0438,1.92337,2.10698,1.41462,1.1371,1.35396,1.19726,1.24445,1.1045,1.49038,1.1608,1.45629,0.962014,0.862247,1.00304,1.20254,1.08527,1.05156,0.825265,1.06475,0.852759,1.03333,0.980221,1.36438,1.20705,1.32916,1.18803,1.50533,0.904043,1.2458,1.49613,1.52561,2.11118,2.4854,3.08276,2.5725,4.6826,4.94752,6.63018,5.42717,5.49948,6.22645,4.66009,3.66086,3.36316,2.52125,3.66328,2.47417,2.70318,3.20093,3.00585,2.77549,2.1061,1.92573,1.51353,1.37062,1.51044,1.00141,0.899153,0.691854,0.597827,1.2267,0.641328,1.66854,2.6981,2.56266,0.98244,0.293928,0
4.39168,3.80704,2.97754,2.36034,2.33449,2.54137,2.66399,2.4373,2.06161,1.74743,1.90149,1.38528,1.32131,1.17791,1.28215,1.79823,1.60987,1.13756,1.38894,1.44899,1.50512,1.59666,1.39742,1.04839,0.794784,0.856051,0.671083,0.577198,0.380087,0.347252,0.301025,0.242915,0.185469,0.320656,0.275336,0.306388,0.138717,0.155032,0.189065,0.300491,0.286809,0.31212,0.389878,0.677725,0.780718,0.879305,1.04129,1.04909,0.935246,1.25447,0.978064,1.16157,0.980129,1.01676,1.13206,1.04762,0.495134,0.670728,0.314791,0.374057,0.464609,0.389183,0.233546,0.328283,0.324473,0.164855,0.105709,0.0737433,0.108667,0.0782363,0.0971346,0.0358429,0.0275036,0.0245959,0.0211244,0.0440548,0.0144402,0.011295,0.00428238,0.000565112,0.000122738,0.000312658,0.000383054,0.00019698,9.21E-05,1.84E-05,1.81E-05,2.04E-05,1.21E-05,5.71E-06,9.72E-07,4.29E-07,7.99E-08,6.82E-10,5.33E-12,2.43E-11,3.51E-12,8.70E-18,2.97E-31,0
4.39168,5.13031,5.5211,5.86558,5.61895,6.32767,6.31092,6.27777,5.04088,5.07346,5.51792,4.3392,5.16171,6.54481,5.51439,5.69971,5.86153,5.37683,4.72441,4.4937,3.10827,3.0016,2.7208,1.95088,1.96447,1.71984,1.77193,2.04465,2.2826,2.28329,2.22499,2.20956,2.13686,2.59012,3.17235,4.07131,4.55277,4.86283,4.36818,4.6436,3.59734,3.59597,3.15435,4.04483,4.40552,3.87006,3.71211,3.5532,4.57077,4.96297,4.80297,3.90445,3.85207,5.60144,6.05144,5.94881,5.57186,4.65552,5.23444,4.99597,4.82312,5.12429,6.11743,6.94052,9.04177,9.69362,9.96355,10.9011,11.2167,11.1964,10.7704,10.4923,9.89667,9.84254,9.20951,10.7,8.20246,9.32428,10.4526,11.0547,12.1826,9.61939,11.035,12.787,14.2941,15.9356,16.9775,17.6528,16.6028,17.151,21.3409,24.3978,26.2625,25.4177,25.3695,23.9108,28.3853,27.0848,27.5789,27.6474
4.39168,4.54778,4.20451,4.70651,5.33218,4.55302,4.25349,4.96755,4.6383,4.61004,4.57746,4.28193,4.23358,3.58973,3.98671,4.28157,5.62951,4.90483,3.45651,3.82437,2.28791,2.03224,1.30171,1.13587,1.17382,1.1789,1.26673,1.27771,1.35301,1.67901,2.1664,1.9365,1.61293,1.48439,1.48674,1.97701,2.34159,2.38093,2.18594,1.77536,1.39228,1.28276,1.01176,2.32607,2.57039,2.66425,2.85434,3.43474,2.61451,2.98081,3.86087,3.40416,3.08447,2.61071,2.27114,1.61134,1.06466,0.731791,0.772376,0.614129,0.936861,0.699629,0.466799,0.341703,0.323669,0.390718,0.47953,0.246769,0.127544,0.135048,0.131141,0.102929,0.121169,0.145036,0.0750156,0.0175712,0.0107921,0.0195511,0.0350448,0.0295919,0.0263394,0.0624398,0.0227618,0.03753,0.041987,0.0197838,0.00491223,0.00361675,0.00132495,0.00213949,0.0114318,0.0124165,0.0135901,0.00740859,0.00765775,0.00584171,0.0909085,0.00175936,2.36E-06,0
4.39168,5.64231,5.60826,5.32389,5.1969,5.82367,6.01822,5.83365,5.27229,4.44004,4.75079,4.72991,4.81366,5.07764,3.7191,2.85146,3.06589,3.97442,5.14173,6.79487,6.88302,4.83432,5.40285,4.93588,4.68363,4.2719,4.15701,3.73433,3.43434,4.67319,5.08191,4.62399,5.25344,6.59683,5.23424,4.90023,5.15175,4.76186,3.63841,3.24221,3.71347,3.56661,3.81313,4.06005,3.73256,2.83619,3.06967,3.37537,3.37048,3.45407,3.04665,2.63378,3.66625,3.10906,3.06963,2.3334,2.43866,1.85609,1.97432,2.67983,3.3952,3.60217,3.55034,3.80037,3.14541,2.95679,2.87519,2.58377,2.83327,3.59001,5.34728,5.17881,4.95391,5.55697,6.0649,5.77706,4.03229,4.17197,3.34887,2.9786,3.20624,2.387,1.73959,3.37062,3.01471,2.5645,3.26399,2.01146,1.09854,1.40118,0.990596,0.362434,0.408156,0.372249,0.136405,0.0534968,0.00520894,7.73E-05,1.58E-08,0
4.39168,4.45511,3.69798,3.22903,3.05964,2.77611,3.22995,3.25923,4.52472,4.48176,3.33669,4.13327,3.81144,3.52617,3.77356,2.98534,3.40184,2.78234,1.82262,1.98215,2.47147,3.17568,2.73876,2.24836,2.66678,2.68012,2.40863,2.85608,2.91403,2.60725,2.32095,2.51442,2.10579,2.36355,3.12283,2.03667,2.62772,2.37602,2.09732,1.83998,1.74188,1.52247,1.30477,1.1163,1.38009,0.969297,1.1341,0.730491,0.756613,0.668847,0.747941,0.482731,0.699368,0.874805,0.599856,0.298887,0.338869,0.244485,0.156497,0.111129,0.134598,0.0591505,0.0404698,0.0220978,0.0340087,0.0613358,0.0403701,0.0363216,0.109477,0.0766723,0.0325164,0.0285389,0.0203083,0.00994507,0.00714747,0.00230093,0.00175417,0.000686055,0.00021899,0.000134561,0.000102326,2.71E-05,1.35E-05,1.59E-06,2.00E-07,9.44E-09,2.15E-09,5.30E-09,6.40E-09,2.50E-08,2.77E-09,1.68E-11,7.48E-13,3.87E-15,7.78E-16,4.75E-18,2.31E-27,1.50E-36,4.63E-65,0
4.39168,3.80782,4.92822,5.57845,5.51542,5.93538,6.69387,6.07966,5.87491,5.60359,6.04225,5.39009,5.866,6.93663,6.90709,7.29667,7.06496,6.10458,8.09011,8.25312,8.29539,7.76445,7.92752,8.19615,9.10333,8.79019,9.93079,9.22206,8.60197,7.06482,6.60627,6.52844,5.08659,6.77809,5.34908,4.73362,4.38636,4.18694,3.64341,3.00697,2.24233,1.49738,1.35248,1.57523,2.1786,2.11068,2.35533,2.85866,2.75719,2.31401,1.83261,1.51898,1.379,1.13757,1.5736,1.69752,1.20754,1.01631,1.17157,1.25699,1.10723,1.4004,1.20528,1.03002,1.18176,0.713398,0.854146,1.09819,0.722979,1.06985,1.15951,1.06011,1.17441,1.07973,0.654073,0.302682,0.202524,0.485032,0.942952,0.572733,0.702569,0.272213,0.180191,0.297148,0.944343,0.745886,0.575685,0.0803635,0.0859239,0.0296849,0.0784736,0.224455,0.08196,0.0253765,0.0112978,0.00630514,0.00389599,8.00E-05,2.47E-12,0
4.39168,4.32261,3.8464,5.76102,5.92155,4.98414,4.83117,4.39554,4.6603,5.75987,6.89353,8.21808,9.95156,8.62768,8.59243,8.22736,7.34359,6.58417,5.58991,5.26541,5.10616,5.99828,7.09162,8.63421,8.35212,8.33276,8.08154,6.73804,6.38599,4.5439,4.66779,4.19059,4.93426,6.74486,7.31645,5.32966,4.23351,4.80665,5.4924,4.91129,6.51557,6.22171,5.36805,5.8337,6.58276,6.46542,7.12412,7.1939,8.24818,9.24966,7.32934,6.37552,7.79585,6.99025,7.90852,8.41196,10.8144,9.03287,7.03663,6.83594,5.91732,5.96475,6.37316,7.41731,6.70228,6.90557,7.56579,5.2617,5.77667,6.657,7.33594,8.37259,10.716,11.2243,12.7774,10.4531,9.79385,12.4889,12.0264,10.6199,9.98502,9.30432,6.63262,6.71022,7.54057,9.2738,8.5612,8.97906,7.96657,9.9114,13.1786,13.3335,10.4128,10.1032,7.43012,8.26188,7.9062,5.26455,8.87585,8.36642
4.39168,6.01759,5.63375,5.47477,5.45669,5.1492,5.03766,5.2894,7.22093,6.48602,6.17156,7.12638,7.14903,6.5436,7.3571,6.54269,6.56546,6.75182,7.91153,8.75294,7.12709,6.00831,5.5543,5.35477,4.85867,5.71542,4.77177,4.37629,4.56215,4.73376,5.57108,4.88163,4.65827,3.99349,3.68459,3.29455,4.2529,5.65837,5.93007,5.64855,5.53779,5.38827,7.28901,7.58824,8.03138,7.51603,8.17576,8.05462,9.15117,7.30572,7.27533,6.89916,5.20765,6.27408,4.82242,4.85962,5.00905,3.31312,2.38619,2.62299,2.04072,1.58229,1.25407,0.664988,0.915676,0.905203,1.05373,1.12975,1.93667,2.34029,4.38228,2.90737,3.97228,2.93003,3.51782,3.21894,3.29475,3.20334,2.62394,3.86824,2.86072,3.71094,4.4922,5.97164,5.60176,3.46706,4.62106,4.8363,4.02595,2.94043,2.81933,2.67105,1.66856,1.21463,0.760708,0.384067,0.722479,0.0369068,0.0629029,0
4.39168,5.40032,5.47378,5.48697,5.97027,5.63993,6.38983,5.62361,5.85113,7.89498,8.24732,6.9011,5.85353,7.23679,6.74562,6.55569,7.29348,6.19697,5.46351,5.51062,5.3132,7.11914,6.19549,5.61429,5.45234,4.71971,2.78841,2.79268,3.03522,2.64806,2.12638,2.62557,3.14458,3.82705,2.20298,2.62326,2.30196,2.60389,3.17139,2.32524,2.48749,2.52046,2.32436,1.84737,2.07295,1.71647,1.20635,1.43138,0.928959,1.33436,1.54734,1.46826,0.948363,1.01179,0.844823,0.992008,0.796089,1.15707,0.842899,0.838364,0.973156,0.581579,0.580627,0.636405,1.17794,0.619091,0.252458,0.150501,0.119128,0.112907,0.0161034,0.013844,0.00250028,0.00376334,0.00423135,0.00319615,0.00477979,0.00421148,0.00369036,0.00618656,0.00318689,0.000643831,0.00359632,0.00310222,0.00272661,0.00120834,0.00356991,0.00405691,0.00419735,0.000734926,0.000100663,0.0001038,2.35E-05,4.18E-06,6.04E-07,1.45E-09,9.13E-12,5.06E-16,5.00E-32,0
4.39168,4.94825,5.23563,5.79596,5.75504,5.32639,4.43039,4.72127,4.23136,4.68466,5.14445,5.24067,4.49946,3.84477,3.41534,3.5647,4.2384,3.6345,2.47318,2.41634,2.43078,2.76946,3.44728,3.5887,4.19652,5.75763,5.88733,6.01611,6.57586,6.10981,5.00401,4.24303,4.58381,4.61595,4.30456,5.79609,7.48902,7.06503,6.616,5.11696,5.56605,5.19004,4.5159,4.4934,3.5749,2.71522,3.78337,2.95549,3.26713,2.51727,2.9156,3.38108,3.55118,3.38722,3.77784,3.8527,3.67795,4.57222,4.1983,5.40476,4.58112,4.04855,5.24906,5.16198,4.95365,3.68424,4.31343,2.65941,3.98174,3.83828,3.68818,2.5088,2.4012,1.85922,1.82433,1.20324,0.751734,0.746782,0.832834,0.86733,0.570656,1.30829,0.519584,0.744447,0.628531,0.334275,0.225037,0.192452,0.037076,0.0496023,0.0816361,0.00924138,0.0184908,0.0217799,0.0270161,0.00541542,0.000694809,9.94E-05,4.27E-08,0
4.39168,4.8214,4.37786,4.39591,3.20778,3.32339,2.90317,2.41048,2.80006,2.70309,2.58643,3.11439,2.94586,4.03114,4.71775,4.42098,3.68771,3.94011,3.90773,5.73077,3.71676,3.91659,3.94945,4.14745,4.06607,2.89214,3.06274,2.69674,1.82334,1.74637,1.57952,1.43309,2.53207,2.89303,3.4968,2.43494,2.48347,1.58893,2.44793,4.59304,4.63727,5.07441,4.51297,3.95796,3.70858,3.37263,4.37708,4.07406,5.69513,5.9885,7.09208,8.06674,8.31243,7.08923,8.16384,8.18516,7.46046,7.09159,6.43035,6.87193,7.20737,7.63732,4.8068,5.18127,5.38267,5.14617,6.17676,6.41644,9.16997,9.44798,9.43955,10.1936,8.7946,12.3287,13.9167,13.8963,16.5152,16.4271,18.4701,14.5296,17.8125,15.1448,16.4217,16.6013,14.501,12.8054,13.2332,14.7778,17.7045,19.721,24.3004,23.3906,25.9839,28.9698,29.6353,29.0391,28.1345,28.9773,25.4435,24.1704
4.39168,4.30917,5.43125,4.7717,4.80039,5.49675,4.25362,5.20903,5.49871,4.51094,5.50265,6.0138,5.49142,5.67953,6.11908,5.98071,6.98214,9.20194,7.47643,6.41781,5.72921,6.66619,8.00925,7.96364,7.05723,5.98038,5.12733,4.48188,4.3833,5.15777,4.73044,5.26206,4.17167,4.42854,4.75541,4.97186,4.02391,6.2103,6.36535,5.7565,4.9157,5.18592,5.29879,5.19684,6.2752,5.63916,5.9327,7.04498,8.0627,9.12875,10.6918,13.6062,13.242,12.7025,12.9463,13.2506,14.0349,17.547,20.1472,19.9859,21.9406,23.8058,22.3546,21.7638,22.8531,25.3205,27.7625,28.7316,30.4035,27.8913,26.6807,27.3764,24.4709,24.4388,23.6326,22.2546,23.6076,25.5327,23.261,24.6635,19.7173,19.8562,18.297,20.8831,21.1207,23.4669,26.2204,24.2899,24.2498,24.8061,26.6576,26.4521,23.6808,25.9967,30.3866,33.1067,34.1775,37.5196,38.621,40.3323
4.39168,3.38165,3.73546,3.04071,3.51846,3.49972,3.12551,2.54826,2.36161,2.06435,2.26947,2.37868,1.85026,1.35676,1.26575,1.12062,0.910215,1.07112,0.832736,1.03651,1.2269,1.3987,1.28772,1.17352,1.00999,0.815293,0.863151,0.823205,0.705773,0.787566,0.86299,0.900722,1.08351,0.819633,0.545782,0.722482,0.972366,0.973512,1.34678,0.867841,1.14784,1.03438,1.38651,1.34441,0.915085,0.830416,0.742874,0.522185,0.455965,0.708827,0.925376,0.96385,1.13703,0.720211,0.686907,0.547638,0.801644,0.901395,0.754296,0.866139,0.855053,0.987936,1.29704,0.90727,0.654064,0.740376,0.541183,0.295225,0.354425,0.268058,0.299524,0.23506,0.205265,0.113411,0.133381,0.0772195,0.0455848,0.00940682,0.00541687,0.00401633,0.00251415,0.00346478,0.000273232,0.000213667,5.40E-05,5.54E-06,8.03E-06,1.67E-05,5.88E-05,0.000102001,2.22E-05,1.18E-05,3.72E-06,2.30E-06,1.04E-09,6.25E-11,2.00E-11,2.27E-18,2.74E-37,0