Stock_Path,,,,,,,,,,,,,,,,,,,,,,,,,,,,,,,,,,,,,,,,,,,,,,,,,,,,,,,,,,,,,,,,,,,,,,,,,,,,,,,,,,,,,,,,,,,,,,,,,,,
100,100.083,101.008,100.917,102.164,101.593,100.005,97.6305,96.5147,98.2632,99.011,100.342,100.546,99.0254,101.177,101.055,101.202,99.8821,101.63,103.52,100.858,102.362,103.395,103.454,103.488,101.394,100.462,103.395,103.189,101.478,104.284,106.763,107.343,107.782,108.7,107.273,104.831,104.634,104.628,106.87,105.707,105.72,105.201,103.232,102.061,101.349,101.798,100.322,97.6895,99.4216,98.3706,99.753,100.819,100.295,102.739,104.934,102.996,101.091,103.435,102.081,102.805,101.94,101.39,101.176,99.7251,97.7134,96.1306,96.4823,95.9889,96.7341,96.4585,95.7151,93.3684,95.4399,95.1191,94.3097,92.8432,95.1171,98.1443,98.0829,99.0613,98.5938,99.8147,99.8186,99.9536,97.3774,95.412,92.8659,92.305,94.386,95.0405,92.9606,95.0409,95.3693,95.9251,100.059,102.461,105.645,104.44,103.178
100,101.541,102.733,100.51,99.903,99.1169,98.4446,101.002,99.7213,99.0232,99.9034,101.217,102.362,99.9451,102.529,103.965,102.581,103.183,101.423,102.501,103.197,102.052,102.12,105.692,104.093,105.48,102.792,101.875,101.093,101.033,102.346,103.414,103.099,101.117,101.116,101.935,102.837,102.344,100.94,104.42,103.868,102.554,101.5,101.425,101.565,101.846,101.345,101.154,101.522,99.3334,99.1033,101.502,101.822,102.302,99.9265,99.7979,98.951,98.3614,98.1323,97.8342,96.0102,93.3625,92.7207,92.3928,95.03,97.4083,98.5566,98.5986,98.6259,100.121,99.8011,100.309,99.7335,98.6252,97.369,97.8569,100.701,99.7833,98.696,100.717,100.071,98.5343,101.539,104.379,103.288,101.167,101.589,101.521,100.189,97.715,99.0148,98.3134,98.1234,99.4793,98.117,99.8953,101.418,102.303,103.115,107.033
100,99.7818,98.4328,97.9451,94.2325,97.2742,95.2947,93.4557,94.3935,93.2413,92.1981,92.756,92.714,92.4495,94.5799,92.6653,95.0071,97.0972,97.078,98.7846,97.1657,97.2585,97.007,99.1991,98.2721,100.558,96.3386,97.0025,98.3281,96.6434,94.9856,93.6862,94.4264,95.109,94.4617,93.7154,93.7503,95.6347,96.451,98.4904,97.8639,99.1209,97.5332,97.6426,94.9716,96.1982,95.1589,94.2522,95.257,94.017,93.2436,95.1156,94.8139,91.3991,90.3487,89.0642,90.0787,90.4217,91.3978,91.3772,89.163,91.0079,92.5569,94.4552,95.315,97.0985,98.5958,98.5641,99.88,96.6195,99.2544,102.724,102.739,104.081,102.691,101.806,105.232,104.679,102.973,100.614,104.798,105.278,105.488,101.963,98.9548,100.496,99.6487,100.622,99.2215,98.5659,99.5465,100.41,102.086,101.187,102.725,103.856,104.418,104.852,105.398,104.697
100,102.042,102.545,101.906,102.351,103.25,101.904,102.405,102.873,101.131,100.165,99.2187,98.6706,98.4084,100.079,100.213,99.9231,102.192,102.445,105.296,104.079,103.53,103.73,104.667,107.447,108.669,107.057,107.917,107.625,105.945,105.703,108.276,110.584,108.962,108.164,107.076,103.529,104.455,104.637,106.174,108.284,106.637,109.422,107.711,109.433,109.47,105.99,106.103,107.669,108.847,108.724,109.765,111.184,108.88,109.248,108.654,108.13,107.904,106.988,107.549,108.752,107.449,105.436,103.935,103.569,103.216,102.282,105.419,106.989,109.065,106.704,105.397,106.05,107.771,108.217,108.814,108.133,106.616,105.251,106.889,106.561,107.151,107.237,105.17,103.904,105.873,103.833,103.167,104.105,104.237,102.901,102.612,100.919,102.474,104.627,109.076,108.325,106.249,106.852,109.128
100,98.0948,100.174,97.9762,96.5747,96.6612,97.8776,99.7376,98.2739,98.3231,95.7933,95.2382,92.1674,92.6345,93.8691,94.9052,93.0258,91.3303,90.3241,90.8189,90.5411,90.8612,90.6586,93.612,91.4331,91.6105,90.6826,93.4307,94.1951,95.679,95.0042,96.7824,96.6852,97.9061,97.2149,98.1013,95.5684,94.7909,95.4322,94.6124,94.6903,94.2148,97.0062,97.4176,98.5519,99.9276,99.6374,98.6331,98.1792,99.0126,98.4757,100.395,100.286,100.81,102.058,102.04,102.254,100.594,97.2047,99.7842,100.635,99.4252,98.186,98.4975,96.7152,97.7906,96.3935,97.5066,98.2886,99.4775,100.618,103.586,100.896,102.111,103.634,101.573,101.942,101.915,103.519,104.067,105.419,104.227,103.363,102.73,102.68,102.852,102.187,99.336,100.495,102.189,103.142,102.61,99.5491,98.525,99.0045,102.584,100.839,97.8272,97.1944,95.5554
100,99.6767,97.8309,98.1777,100.534,99.4089,97.3397,98.991,99.0994,102.178,99.7684,99.7254,101.266,99.3918,101.325,99.5076,99.8831,99.3433,97.9625,99.2196,98.5201,99.8134,97.9978,97.5916,98.4086,97.8316,95.9128,96.8159,95.4696,92.4648,90.6533,90.5187,93.5372,96.0646,94.4295,92.0297,91.8398,91.4239,91.8856,90.6577,91.7677,90.0401,88.5038,88.6302,88.0246,85.7151,83.3896,83.2336,83.9711,83.5671,85.0223,86.0885,88.6503,90.047,88.1523,88.4271,89.2166,87.8327,88.4793,87.5871,88.0211,87.0392,86.6854,86.2851,86.3144,86.1522,85.9631,87.4589,85.7449,84.108,84.1226,82.4951,82.5891,80.013,78.3357,79.6807,79.6808,79.0596,80.2004,81.8016,80.3566,82.5568,82.2426,80.4417,79.2166,79.6367,79.7306,80.8619,83.1355,82.3906,82.9833,83.2987,83.9061,83.1048,84.1399,83.3402,84.3974,81.9851,80.543,82.0682
100,99.063,96.9141,95.4262,95.7712,93.3387,93.2994,93.5905,94.5328,93.3361,93.3365,95.7996,97.0132,95.7213,96.9288,96.607,94.2774,93.7551,94.7813,95.138,95.4783,94.7607,93.6905,93.3019,91.6836,92.7318,93.4517,94.2358,93.0023,94.0328,92.5209,92.0483,89.8443,88.9014,90.5993,90.4251,88.5971,86.8315,84.2059,82.6125,84.0059,84.8178,85.1628,86.3522,86.2775,86.8868,85.8044,85.5168,83.7221,83.5389,83.7801,83.6919,83.6887,85.0746,85.6078,83.4434,82.6883,82.4558,82.3007,81.2529,81.5995,81.7433,83.8864,84.8121,84.3988,83.5205,85.2871,85.532,84.3334,86.3434,84.6714,87.6751,87.5509,86.1215,85.9123,86.9261,87.5007,88.2638,87.1323,87.3188,89.1761,89.8225,92.1948,91.9331,92.6346,91.6934,89.9052,90.1321,89.9759,89.2007,92.4486,92.442,94.7577,95.6678,94.1131,94.5992,94.2808,94.3896,92.9456,91.1993
100,100.057,97.4288,92.8751,91.9969,92.5898,95.5966,95.9151,95.5734,95.6494,96.5408,98.0368,96.4732,97.1688,98.1808,99.1021,99.5643,101.143,102.144,102.654,101.216,102.398,102.448,100.625,100.637,101.373,102.943,102.201,103.157,102.217,98.6849,100.144,99.7673,102.138,102.678,103.206,99.8903,100.173,100.571,99.6388,99.1643,98.4113,97.9667,96.9189,98.4407,98.6897,100.13,99.0677,100.616,98.377,98.3221,99.134,100.044,101.947,100.138,101.172,102.254,99.0783,100.214,98.3262,97.7335,99.2006,99.2061,99.4714,97.8409,98.3739,97.181,96.6108,98.579,96.3976,97.1342,96.9407,97.8682,95.2759,95.0359,95.7271,97.2462,98.0772,97.3508,94.3918,93.8833,95.1441,93.3147,92.6687,90.6801,90.4303,90.8052,92.4125,93.979,92.7063,91.0447,90.5593,88.9475,90.3589,91.652,88.8929,87.3402,89.0596,88.7696,88.872
100,98.8341,97.804,97.0765,96.6105,98.3575,96.4118,99.1283,99.2624,98.0421,98.2823,97.8635,97.8181,95.4088,98.9419,100.139,101.502,101.637,101.783,100.677,100.468,99.3411,95.5024,95.5424,96.6526,98.7258,99.06,100.261,101.098,100.652,102.703,104.56,104.719,103.125,105.802,104.502,103.91,103.563,102.249,104.456,104.52,105.764,104.377,104.572,102.885,101.459,100.39,102.125,104.07,105.744,107.568,107.703,111.078,112.376,114.927,116.569,118.573,119.736,119.047,115.455,116.129,111.228,110.874,108.825,108.818,108.178,107.285,106.948,105.867,105.292,103.194,102.095,102.542,101.857,102.503,101.89,102.14,101.487,99.7245,101.731,102.579,102.049,98.4752,98.244,99.1174,98.1861,98.4245,96.9934,99.2165,98.5613,95.7883,96.9476,95.3394,93.3753,93.4119,95.7171,96.4814,95.099,92.6796,93.897
100,102.457,103.951,105.365,104.912,102.651,100.151,102.441,105.355,104.661,105.327,105.194,102.11,102.835,104.049,100.304,100.261,99.6589,98.7741,100.229,100.331,99.9078,98.6397,99.7176,103.318,102.044,101.8,102.926,101.948,101.796,101.46,104.564,101.773,101.797,103.376,103.98,102.228,101.796,103.455,101.741,100.533,100.305,97.3075,96.4074,96.9499,99.1982,98.4499,99.8954,99.5951,101.728,103.001,101.322,99.6658,97.3883,95.6802,94.0348,93.2659,91.1828,90.6141,90.6973,90.5972,90.9251,91.7197,92.4733,90.863,91.4819,91.7612,93.9763,95.0104,94.6298,97.795,97.7278,98.2841,97.5908,99.461,99.6067,100.46,100.067,102.273,101.303,99.1939,101.455,103.08,104.025,106.728,110.34,112.753,111.606,111.68,108.957,108.883,109.309,107.068,107.436,107.223,106.434,105.104,106.141,102.857,102.335
100,99.8423,101.292,100.05,101.619,102.099,99.6409,98.7233,99.0834,101.801,102.271,101.146,101.421,98.5885,96.6611,93.1196,92.8574,93.6687,91.5457,91.6925,90.87,90.9395,90.3871,89.5973,89.9055,88.902,90.1633,86.7002,88.0196,87.0497,89.1768,88.2159,87.2465,89.0128,91.2513,89.7729,87.7759,87.619,86.4742,84.8248,84.7404,85.5564,86.1929,86.5318,84.6919,86.5345,89.233,86.2745,85.8094,84.932,84.4267,88.9514,88.6035,89.4649,88.3209,89.502,89.0298,89.4873,90.41,89.4328,89.3514,89.498,86.0791,87.5236,88.2758,87.1328,84.6575,85.6969,85.271,85.9857,85.2498,85.6191,84.4892,85.8921,87.2049,87.7809,85.6565,86.5658,85.5618,87.4203,86.8864,86.3659,87.1944,84.3023,86.2006,86.7471,86.9766,86.676,88.4088,89.3231,90.9151,92.7825,91.6158,93.5891,91.4267,88.9546,86.5685,85.4989,84.0133,83.2098
100,97.7058,97.211,95.1917,94.9869,94.3965,94.759,95.0966,96.9941,95.109,94.3641,95.0913,96.6908,98.4173,98.2032,100.202,99.6763,96.4231,96.1529,97.8294,98.4267,100.346,99.5117,98.0704,100.55,100.939,100.823,99.2228,102.244,101.401,103.042,106.365,105.314,104.283,104.238,102.832,102.999,101.042,100.085,102.52,101.596,101.655,99.4966,100.493,98.9059,97.5847,96.8655,96.4401,95.4919,97.4704,97.8273,98.3602,97.5032,100.22,100.434,102.817,100.636,100.336,99.9826,99.6525,100.34,99.083,98.0396,97.5582,98.188,97.393,100.613,99.1964,97.6176,95.5978,92.6504,92.8415,92.9589,91.139,91.5779,93.4663,94.4344,93.438,95.7596,95.1915,94.2715,94.882,95.1829,95.9682,96.5543,99.464,99.9571,98.0884,99.6952,102.102,102.517,102.282,103.486,103.857,100.539,99.2048,100.116,101.922,101.125,100.294
100,99.3385,101.664,101.757,101.703,97.9336,98.2157,99.3152,98.2499,95.5154,94.1252,94.0074,94.0761,93.3903,91.6237,90.2022,90.1568,87.5984,87.6993,84.9991,84.0909,84.0342,82.706,82.2488,84.0593,84.7445,84.9101,84.6865,84.516,84.4502,86.6571,85.9193,84.8699,84.211,85.5253,87.591,87.4713,87.6063,88.0528,87.0886,90.7797,90.0843,88.4246,87.7407,88.0356,89.4162,88.9941,88.8449,89.6372,89.6679,89.8214,91.6958,91.3274,90.1667,92.3497,92.2558,92.6102,94.3155,92.2529,94.9254,96.4617,93.205,93.9555,94.6373,93.5308,94.5118,92.935,92.6821,92.8437,91.6109,91.4368,91.6242,93.2925,94.3894,93.8869,92.69,92.6242,93.1215,92.374,91.3874,88.6552,87.7938,90.1296,88.1653,86.2986,88.4154,88.7597,88.8068,87.9082,88.4144,89.7915,90.4051,89.2276,86.9923,88.3287,89.1196,88.2587,89.6335,88.9,87.4657
100,102.133,103.12,102.043,102.453,102.289,99.6805,95.4848,94.6471,94.187,93.1286,93.1201,93.3278,92.7545,97.3718,96.8375,97.9452,98.6445,98.3718,99.3152,97.6062,97.3665,100.156,98.4742,98.4014,97.9267,96.7749,94.9426,92.6805,90.7376,91.1947,91.8989,93.4969,92.5851,94.5921,93.7115,93.9575,95.7231,97.0824,96.3311,96.817,96.4039,95.6786,95.3928,94.4643,95.1845,97.7953,100.321,100.893,101.941,101.886,103.216,102.787,103.296,101.575,100.976,99.9842,102.633,101.567,100.247,101.427,102.432,103.074,103.081,104.392,106.03,105.348,106.888,108.68,108.183,107.591,109.22,107.945,108.433,109.078,107.342,107.288,106.707,105.705,108.524,107.294,109.085,106.031,104.841,105.104,104.136,102.741,104.103,103.075,101.513,100.994,101.904,101.994,102.324,102.29,101.49,102.737,103.891,103.57,103.643
100,99.2019,99.6374,97.9672,96.5591,95.13,95.0791,95.9199,95.5588,96.3203,96.8131,96.4169,100.815,101.47,99.8342,98.6043,97.0745,96.3638,96.0045,94.2151,95.3571,94.6651,93.6288,96.6333,96.4383,97.721,101.499,104.005,102.73,103.034,103.698,107.524,108.35,108.245,109.335,106.519,110.237,108.971,110.022,111.189,111.299,109.643,110.503,111.584,111.655,109.749,109.571,108.2,109.358,109.617,107.02,108.143,106.905,107.777,105.395,107.828,109.374,110.441,111.161,110.14,111.146,112.42,113.297,114.685,116.623,116.887,117.64,116.263,116.723,117.709,116.203,117.637,115.94,115.865,116.124,116.205,116.861,117.647,117.964,117.839,117.469,115.623,114.259,112.865,112.987,113.682,114.119,112.125,112.917,115.524,115.479,115.501,115.297,116.311,114.496,112.755,111.96,110.74,108.958,106.96
100,100.13,100.646,101.972,101.389,102.784,101.423,101.35,103.482,108.522,106.152,106.106,103.394,103.012,103.062,103.632,99.98,99.6447,101.845,102.832,103.03,101.302,99.2706,99.3044,101.99,100.265,101.027,101.49,101.689,99.5619,100.224,99.5667,99.49,101.577,99.8362,99.6244,100.864,102.613,99.9031,100.883,103.243,103.878,103.628,103.358,103.685,105.568,104.901,104.044,104.26,105.809,105.47,106.632,105.13,107.39,108.763,109.81,109.346,108.849,108.772,106.587,107.4,107.235,107.657,106.043,106.036,104.807,107.92,109.009,109.607,109.612,108.674,108.878,109.174,109.102,111.545,110.741,109.87,110.061,110.605,113.64,116.865,115.717,118.239,116.139,116.657,118.755,116.346,116.421,116.312,116.196,118.075,117.633,115.593,111.395,110.391,112.815,115.693,112.343,114.321,112.906
100,98.886,97.7426,98.7897,99.4607,98.319,99.9572,100.439,97.3992,98.7486,97.6991,100.156,99.3615,99.6585,100.715,101.679,102.782,104.99,102.758,103.609,104.024,107.23,106.053,103.563,105.094,106.566,106.05,108.378,109.322,112.063,114.795,115.614,118.671,117.338,119.055,118.61,122.354,125.417,129.646,132.271,133.373,133.893,132.693,131.92,131.866,129.14,129.774,126.185,121.544,120.58,120.638,118.629,121.428,121.694,123.654,125.728,123.861,123.824,124.03,120.805,123.786,123.585,123.481,123.742,124.674,123.065,122.55,123.16,120.544,118.902,120.371,116.662,116.111,118.308,119.189,119.785,121.762,120.829,122.359,123.29,123.326,123.209,123.172,122.659,122.665,125.388,128.645,126.406,123.966,122.633,123.519,125.925,127.142,124.802,124.657,122.827,123.29,126.812,126.695,127.705
100,98.9593,101.045,100.443,103.198,104.732,103.166,105.231,104.147,102.482,102.126,103.33,99.0113,101.195,103.169,103.674,104.383,103.768,101.951,103.978,103.21,105.342,104.196,106.894,107.288,106.444,102.366,99.9082,98.47,98.6465,100.375,101.501,102.785,101.524,100.755,101.069,101.935,97.5681,97.9809,98.2817,93.9356,94.9102,93.3144,92.8574,95.1888,95.6151,95.023,94.8022,95.1715,94.017,93.2262,93.5689,93.8093,94.61,94.3267,93.884,92.8449,93.5427,94.7951,96.3544,95.7469,97.6248,98.3319,97.9761,98.6493,100.527,98.7775,101.965,100.602,100.233,101.741,102.2,102.58,103.678,104.696,101.911,101.191,100.947,100.184,100.576,102.515,100.967,100.87,98.7447,99.3161,100.535,98.7627,102.193,103.463,101.071,98.0483,96.2683,95.3699,94.357,95.9156,95.2902,94.7458,93.1895,93.8807,92.1111
100,100.008,100.927,99.7087,101.988,100.655,101.328,102.552,101.831,103.681,103.472,101.991,104.034,102.755,103.329,100.931,103.151,106.191,106.879,107.925,107.574,107.281,106.524,104.018,103.272,100.593,102.226,102.457,102.969,104.164,104.579,105.793,107.736,106.763,107.259,105.821,107.388,106.272,106.96,106.867,106.937,107.041,106.225,105.833,106.312,107.343,107.245,106.943,106.112,103.602,102.242,101.692,101.883,99.6945,96.0743,97.2026,96.3402,95.6776,96.9757,94.4094,95.5041,97.6428,97.7,98.7651,97.2533,94.812,95.2464,96.7223,95.1745,96.1207,96.4044,94.7744,92.4292,92.9249,92.8523,93.3364,93.1389,94.6823,95.6815,94.5391,94.039,93.4335,94.1746,95.1074,93.31,90.4,90.9569,91.2669,92.7306,90.9367,91.3191,93.2862,94.5609,96.1886,95.4829,93.5164,90.7929,90.7135,91.9153,92.8311
100,99.8055,100.242,99.9209,100.975,99.3015,99.2211,100.649,102.166,103.699,105.504,107.078,111.859,111.042,111.691,107.859,107.582,110.084,110.291,109.28,107.909,109.652,112.35,113.311,113.109,114.27,113.937,110.681,110.376,109.317,108.539,106.796,106.552,108.283,107.385,106.54,108.182,111.042,112.386,110.054,108.853,109.492,111.182,109.226,111.226,112.088,110.275,111.011,110.605,107.914,109.601,110.561,108.387,108.747,108.663,109.599,109.908,109.258,105.817,106.373,107.591,107.664,107.164,108.515,108.526,110.765,111.357,112.2,111.154,114.929,115.444,118.904,118.705,116.787,118.464,119.114,121.061,123.667,119.3,117.927,116.426,116.863,115.195,115.894,115.288,115.088,115.708,115.603,114.748,115.317,116.732,118.148,115.595,116.941,114.55,117.299,113.941,115.346,116.806,116.182
100,102.385,103.573,104.822,102.831,103.169,105.138,104.082,102.386,102.386,103.053,102.208,102.395,104.888,104.535,103.744,103.432,106.512,109.159,109.723,112.642,114.959,113.023,114.971,112.61,112.987,113.123,113.497,112.084,110.619,109.572,109.412,109.311,110.581,111.002,111.278,113.197,113.001,113.705,115.971,113.588,113.651,114.074,116.32,117.817,115.884,111.939,111.76,112.872,113.177,110.788,109.844,111.043,112.359,112.065,112.828,111.105,112.465,113.901,115.598,115.626,113.651,111.725,110.196,113.904,113.985,112.981,115.808,113.06,109.101,108.027,106.614,104.965,103.983,106.43,106.175,107.111,105.39,107.657,107.858,105.669,102.945,103.676,104.601,101.45,101.286,103.66,103.424,102.536,103.446,102.051,102.881,104.975,104.808,105.409,104.74,102.655,101.882,102.917,103.002
100,100.736,100.283,101.405,100.275,99.3757,97.7241,98.9324,98.8156,98.1775,98.6365,100.11,100.12,99.8122,98.8959,96.6367,97.3983,99.3927,99.7591,101.487,103.714,104.643,104.928,106.003,103.558,104.471,104.65,104.041,104.955,106.043,105.828,107.106,109.141,109.396,108.57,111.838,109.998,109.821,108.571,109.622,106.846,104.736,105.659,104.955,105.522,107.695,107.583,109.64,106.704,107.126,105.776,106.459,105.637,104.859,107.938,107.124,108.299,106.953,107.556,107.588,108.252,108.24,109.357,108.421,105.148,105.839,104.876,105.639,107.807,108.255,109.609,106.148,108.075,108.238,109.099,110.307,109.277,110.83,109.548,111.345,110.522,109.03,106.604,105.691,105.696,101.407,100.293,99.0179,100.239,102.183,101.592,100.734,101.544,102.563,104.082,104.28,103.884,102.401,102.836,102.355
100,102.518,105.15,105.528,105.669,103.343,103.301,100.707,101.7,103.839,105.054,104.46,107.467,106.583,106.224,107.171,106.042,107.452,107.817,108.183,106.152,106.648,106.866,103.353,107.332,105.169,107.908,106.672,106.057,104.998,105.922,105.84,103.411,102.165,101.246,101.907,102.334,100.688,100.642,98.919,97.7622,96.2088,93.6933,92.4977,92.9303,93.0008,93.4163,92.2987,91.2366,91.7505,91.3931,90.8499,92.3915,89.6693,89.0596,88.2056,88.8982,91.0312,91.6084,94.1226,93.9918,93.9965,93.9778,93.8774,92.9385,93.7983,95.1013,97.9712,97.8045,96.9713,96.3071,97.3551,97.929,94.9997,93.7843,93.3718,95.6974,97.0746,97.27,98.3797,99.0591,99.5014,96.9173,95.7761,95.6741,95.9204,95.1848,95.2609,94.4108,92.0179,91.5126,90.6657,91.0785,91.6964,89.7032,87.6092,85.0506,86.6399,85.9283,85.3258
100,101.544,100.037,100.687,98.6617,99.6553,99.4591,98.9194,101.418,100.876,99.9201,98.8332,98.6194,97.0335,97.6505,99.1803,99.4322,98.5078,100.453,100.895,99.8716,100.083,101.847,104.598,104.531,106.904,106.009,107.771,105.498,105.895,107.102,109.596,110.768,109.416,108.156,108.558,107.096,107.97,107.651,107.631,109.115,111.198,112.906,111.99,110.395,110.471,113.156,114.799,114.683,114.542,115.839,118.25,117.015,121.854,123.024,122.791,122.63,122.029,122.855,123.164,125.578,123.895,122.268,122.584,127.025,125.266,122.505,124.184,125.802,125.065,126.109,129.775,131.504,134.159,132.518,131.738,131.753,131.945,129.326,128.046,129.494,128.797,128.341,128.689,127.828,128.158,125.751,127.897,125.13,127.067,126.286,125.854,122.869,121.757,121.901,118.647,119.296,118.416,117.022,114.828
100,99.0645,100.747,102.114,104.266,104.804,102.818,102.774,103.409,100.951,98.0574,98.1276,95.944,94.1621,98.9378,98.4033,96.501,96.9392,96.8861,99.1893,98.0569,95.4846,93.6686,95.523,97.1906,97.503,97.9706,98.7742,98.0192,96.2861,92.8026,93.1695,93.3047,91.6154,90.2513,90.0414,88.7922,88.0143,85.0225,85.074,84.1989,84.7931,86.8586,87.4187,87.1392,91.225,91.9278,93.713,92.7676,92.8123,92.9912,95.1286,95.3148,93.8092,92.3298,95.7336,96.4443,100.169,100.296,98.8801,96.559,95.9444,97.3409,96.0171,95.0329,98.3712,98.6808,100.49,101.562,102.328,103.488,106.034,106.937,107.805,106.396,107.511,109.551,110.501,112.952,111.514,109.824,113.212,114.744,110.874,111.528,111.407,110.055,110.461,109.552,109.23,108.378,108.432,108.867,107.852,108.033,108.259,108.039,107.28,106.876,107.2
100,98.2301,99.7051,99.38,96.7491,93.6079,93.6103,94.3971,92.4489,87.5983,89.2925,89.5821,90.6495,89.5108,89.4984,92.135,93.572,94.3825,96.6498,96.0796,96.6028,93.4432,92.6058,92.5864,91.7828,90.2316,88.1872,88.4685,87.6195,87.433,86.4654,87.6356,88.3278,88.5314,89.3546,89.1473,90.3306,89.4471,90.0547,88.1633,87.014,88.4403,87.376,87.7942,85.412,85.9601,84.6964,83.411,82.4405,81.5823,80.2848,82.5244,82.428,83.5226,83.8503,83.7923,81.9734,80.8418,79.0534,80.1062,79.9064,80.633,80.6596,79.4742,80.2129,79.7777,79.53,81.8558,82.8513,83.1806,83.1612,81.4743,82.0094,79.9274,78.9604,82.114,83.2164,82.3646,81.402,80.5308,79.0228,78.0022,77.8841,77.1732,75.6327,77.3995,77.7832,77.819,77.9061,79.415,80.5371,81.6896,82.5671,81.9362,82.2276,81.4877,82.1209,81.6011,80.9087,81.6171
100,99.1533,102.852,103.937,104.353,103.787,99.1825,97.9625,99.4066,99.24,99.2444,98.0938,93.5427,92.6923,93.9914,94.3608,96.1463,96.172,97.6857,97.4149,96.5209,97.9184,96.2817,94.5112,94.0484,93.9178,95.4199,93.9488,92.3381,91.618,93.9493,93.0349,92.4393,91.9908,91.1155,92.7345,91.7849,91.0145,89.6765,88.1801,88.2033,87.908,86.8874,85.779,87.0875,88.9478,89.2861,91.9409,91.0331,92.9804,90.9172,93.7245,93.3343,93.0622,92.5614,91.4634,91.1891,93.5007,93.6112,94.0546,93.1721,93.1219,92.2525,93.0521,91.6186,92.2847,93.3007,93.4083,95.0669,96.5794,96.5683,95.2905,96.904,96.6712,95.3562,98.9742,99.0105,99.6084,99.3506,97.7668,99.8482,99.2975,98.8372,96.7395,97.9428,97.6721,98.4414,98.433,99.3743,99.1721,97.2318,96.8057,98.9891,99.7589,99.9116,100.365,100.549,101.754,100.232,98.4862
100,101.917,100.578,101.175,100.818,102.898,101.2,100.698,102.657,103.129,102.05,102.113,102.639,103.514,102.462,101.151,102.761,101.498,101.385,99.4355,97.1391,96.7725,97.3386,97.6437,96.9168,96.7605,97.6149,97.0672,95.2061,96.0599,95.979,93.98,93.2655,90.1987,89.7689,91.2599,92.5843,94.7256,95.923,94.6786,92.6112,92.5474,91.6121,91.919,92.4388,90.5589,92.1881,93.0924,91.7816,91.8508,90.9442,91.6103,89.6949,91.4273,92.3546,91.2332,90.4133,90.6876,91.5981,91.0746,90.2197,87.6492,89.6006,90.6109,87.4441,86.5795,86.4818,86.8976,85.4033,83.5294,84.2913,84.0704,83.4795,84.6587,84.9091,84.1366,83.4101,83.8511,82.7231,81.5342,81.4317,80.2065,79.3088,80.7465,79.5953,78.9291,77.7894,76.7579,76.0376,76.9477,77.384,76.9605,79.0493,79.8236,79.4225,79.3203,78.1156,80.2146,79.3956,79.0507
100,100.742,101.434,99.2348,100.396,101.981,99.6311,101.61,102.299,100.856,100.984,101.252,103.7,101.996,101.301,100.812,101.176,102.007,103.442,105.399,104.654,106.101,104.867,106.241,106.28,106.879,109.237,110.539,109.23,108.986,109.155,110.113,112.437,109.636,111.637,112.198,112.079,113.714,114.269,111.268,111.848,110.805,108.909,109.75,110.193,109,109.494,108.153,105.337,102.555,102.057,104.515,102.937,102.046,104.165,101.704,102.022,100.828,102.633,102.504,101.477,101.804,104.116,102.364,101.654,102.416,101.631,100.619,97.2908,95.9714,95.4924,95.0356,96.4803,94.2988,93.7391,92.9499,93.8833,95.3781,97.6241,99.8659,99.3798,99.354,100.052,100.881,99.6658,98.2016,96.9458,95.4737,97.2899,95.2617,93.3186,93.5172,94.1483,94.0064,94.7325,96.1911,95.3357,94.9225,94.67,93.139
100,101.29,103.372,105.979,108.528,109.672,108.55,106.566,105.909,106.822,107.625,106.087,107.864,108.95,107.02,107.951,108.741,112.126,118.034,117.065,118.304,117.907,117.535,119.868,119.821,121.752,123.345,124.709,129.093,129.673,129.62,130.779,130.055,132.974,131.373,132.095,133.023,135.833,137.733,135.991,136.619,135.444,138.56,142.168,140.431,138.549,138.721,139.6,139.363,141.487,139.116,138.849,140.654,142.055,146.023,146.231,146.432,146.164,145.826,144.389,144.694,146.19,152.151,150.767,148.777,148.869,150.102,153.622,146.285,145.218,146.47,146.867,144.658,142.987,142.895,143.705,147.86,149.546,152.771,153.386,154.685,155.431,156.121,159.699,157.476,159.796,159.263,158.817,160.755,159.859,160.721,156.245,156.146,157.021,156.153,154.581,155.724,152.967,152.27,153.413
100,100.972,100.828,102.868,103.161,99.6336,100.622,101.364,100.584,100.671,101.635,103.124,103.115,106.261,107.501,104.267,104.315,105.114,105.799,104.623,103.837,105.952,107.29,106.118,107.371,108.277,111.197,110.255,110.858,108.412,108.067,108.556,106.323,106.02,105.34,106.574,103.026,103.157,102.409,104.294,104.327,103.886,106.178,104.892,104.552,105.12,107.197,109.837,111.87,114.997,116.013,117.473,121.761,122.685,125.286,123.869,124.851,126.888,127.995,127.828,125.88,124.172,128.147,125.365,125.164,125.245,125.541,124.492,126.326,126.314,125.37,126.542,127.157,130.32,128.136,127.507,125.923,126.786,127.446,128.763,128.271,129.814,129.969,130.215,131.327,129.482,128.814,129.114,130.118,131.384,133.272,132.665,132.358,130.549,133.193,131.355,132.564,133.553,132.939,134.314
100,100.125,99.497,97.7667,99.8808,101.045,101.587,102.305,101.883,104.741,103.511,101.877,99.8299,102.32,101.681,101.411,104.874,107.884,107.898,109.227,106.176,106.459,104.058,105.397,106.65,106.069,107.117,104.258,104.209,102.382,103.332,104.208,103.951,102.914,103.503,102.975,103.536,101.252,101.868,103.681,100.892,103.35,103.076,105.172,102.611,101.951,101.225,100.779,101.317,101.137,99.2989,99.7326,99.3468,100.043,99.3832,98.0632,100.152,99.7539,96.582,100.223,99.3678,101.574,100.145,98.051,98.2541,98.3355,98.1849,97.0627,96.9057,93.9572,91.4171,88.4677,87.6778,87.7144,83.6682,82.8418,81.3256,81.9357,83.9833,83.6455,83.8371,84.2094,85.2062,86.3549,85.6746,85.5189,83.0216,80.8853,82.6705,84.7713,86.7313,89.0253,88.3513,88.5715,87.5875,86.1572,87.0143,89.0748,87.2306,88.9158
100,95.7132,98.1611,97.9408,100.164,99.9556,98.1064,96.7948,95.117,96.0139,95.0395,96.198,94.334,93.1409,93.8212,96.8234,96.2213,97.0083,96.7551,95.7162,96.6209,98.0749,96.2067,95.1696,95.5794,95.5953,97.2251,98.1676,97.7591,99.4633,99.3545,100.33,98.651,99.4001,97.595,96.7292,93.2679,94.7716,97.2763,98.2008,96.0497,94.0254,95.9886,94.2369,95.4421,92.6206,91.9424,91.6127,91.3904,91.8422,89.3551,89.2929,87.5301,86.789,86.6719,88.1364,87.672,88.5563,88.4848,87.0299,87.3479,88.2039,88.9565,90.5201,88.9358,88.0691,88.7273,89.2732,89.8166,91.2558,88.0852,89.5563,86.9438,87.929,87.796,87.6699,88.6987,90.5696,89.4289,90.4587,90.7363,90.6903,91.3903,91.3304,92.2623,92.547,92.0595,93.4417,94.4437,94.5962,93.4369,94.8629,93.9083,95.6506,95.4963,95.1159,96.3994,97.9525,97.4063,97.7511
100,100.602,101.443,101.191,100.649,99.2642,98.0242,100.328,100.48,98.2286,98.3896,98.2012,99.3682,99.9904,103.172,101.375,100.07,100.449,101.335,102.968,101.85,98.9096,97.3824,98.5321,99.3349,98.8707,98.2773,96.4075,95.2437,94.3948,93.6969,93.4089,93.8189,94.4794,94.272,93.9417,91.6881,92.5171,93.6517,97.3152,93.5738,93.2695,97.6268,99.2146,97.2347,97.9741,98.405,100.273,99.7372,99.325,97.9962,97.608,97.6453,95.9583,95.2509,90.9787,91.7638,91.7606,90.9285,91.6253,90.2926,90.6749,92.503,93.3464,89.9314,89.6852,88.4898,87.8891,89.0259,91.3436,91.6675,90.4347,89.266,89.6121,90.7212,90.0565,92.0609,90.2395,90.0424,90.9715,91.4521,91.0857,89.8477,91.5518,91.6547,89.474,89.7843,92.4379,92.2865,93.1366,93.3171,94.1768,93.5924,89.441,89.9451,90.7014,93.8857,95.7145,94.3953,94.4684
100,102.531,105.213,106.973,104.851,103.425,103.006,104.294,102.795,102.583,103.665,104.803,103.709,104.627,104.262,105.107,104.186,103.821,105.681,104.851,106.058,106.484,109.908,109.369,108.817,108.621,109.299,108.569,107.595,110.693,111.93,110.74,111.784,111.483,111.656,113.313,112.781,111.079,111.96,112.845,114.551,111.212,111.862,110.49,110.224,110.504,111.896,111.208,111.121,112.324,113.148,113.176,108.852,108.222,106.425,104.995,105.358,102.921,105.47,104.445,104.276,104.086,105.289,106.814,108.512,110.176,107.394,108.096,109.059,110.317,109.337,109.217,107.947,108.717,110.663,112.071,111.594,112.529,116.245,115.928,118.488,117.4,116.367,116.323,115.817,114.734,115.932,116.727,116.499,116.022,117.39,117.667,116.502,116.44,115.699,117.157,116.442,116.097,115.706,117.573
100,96.4752,97.3435,97.741,98.0546,98.5525,97.6358,97.8356,97.4059,95.7806,94.9276,94.2092,95.3219,95.3732,96.2647,95.9161,96.6872,96.3194,98.0066,97.2514,95.4461,94.6049,95.0762,97.5828,97.1261,95.877,95.1146,96.8615,97.237,96.1452,96.648,97.7695,98.6593,100.571,100.94,100.833,100.178,99.9708,99.2183,102.096,104.515,101.878,102.984,103.18,104.253,104.115,107.649,107.567,107.271,104.644,105.033,105.173,107.436,106.901,108.916,109.092,107.289,108.469,108.515,109.676,110.761,110.785,108.072,105.697,104.582,104.206,104.859,105.63,107.498,108.966,107.658,107.591,107.482,109.583,110.891,110.728,111.359,109.998,111.378,109.995,111.412,110.274,111.774,112.083,113.295,113.33,113.888,114.866,115.793,115.137,113.224,115.962,114.944,113.602,115.374,113.636,112.636,113.283,115.471,111.494
100,99.145,98.8613,99.933,99.5102,100.863,101.427,103.278,102.469,102.313,99.2522,99.3135,98.8569,97.951,96.4993,97.3085,96.3815,97.6274,97.8548,98.6786,100.614,101.311,101.083,100.728,98.4929,98.3671,94.2188,94.2469,92.3756,90.8283,90.7628,90.2723,91.8174,90.0271,90.9392,90.2924,91.587,93.1892,92.129,90.3441,90.5411,93.2594,94.7691,92.7226,93.2203,91.5412,92.267,92.7316,91.2215,91.4523,91.2671,89.4643,89.4464,89.6232,88.654,87.0035,84.9182,81.8375,82.496,82.6869,81.3573,80.6893,82.3329,84.2117,84.7316,84.3196,86.2806,85.1103,84.107,84.4727,84.2781,83.3793,85.6916,86.4202,88.1122,90.573,92.0342,89.3587,88.4363,88.2341,90.5272,90.0873,91.1461,90.1775,88.4751,91.2878,92.3318,89.2183,91.0299,89.1703,87.3468,87.6945,88.0684,88.9497,91.2363,91.2722,90.1799,90.0164,90.7036,90.0247
100,103.897,100.988,99.6654,99.8539,98.5099,97.0616,99.1332,99.9082,102.676,104.04,104.069,103.001,102.072,102.702,102.657,101.039,102.559,99.0671,98.9948,99.3182,98.6941,95.1414,95.7036,97.3195,96.824,98.4498,97.3591,100.471,102.619,98.9498,98.949,100.768,100.969,99.5721,97.6417,96.8966,97.8614,95.5993,96.6925,97.9149,95.7837,94.915,93.0876,90.7059,89.2053,90.8025,89.4099,88.5468,87.8149,88.6492,86.4978,86.5083,89.6775,88.3826,90.3499,90.3318,90.4894,92.0531,92.018,91.6438,91.9841,90.6035,91.0651,91.7832,90.7634,91.7691,91.8532,93.1143,93.7463,90.8561,91.2914,89.2961,89.7989,90.2827,89.3635,92.1024,93.1967,92.7015,91.6278,94.2049,93.293,92.0154,90.5919,89.0288,90.165,90.9992,88.7698,87.8372,89.7766,89.7986,91.0532,91.384,92.8226,93.327,94.3428,95.9377,94.6897,91.1597,90.7461
100,99.7495,101.3,101.142,102.778,101.796,102.879,104.467,104.756,105.281,106.225,106.42,107.564,109.208,108.932,109.053,109.503,109.968,110.606,111.032,109.104,107.84,108.163,108.206,109.624,111.542,111.266,111.848,111.035,113.066,109.578,109.492,105.677,107.692,109.003,110.185,109.214,110.278,109.827,103.618,104.026,103.041,103.161,103.863,101.25,98.9262,95.6712,96.0453,96.0693,96.1723,94.4772,92.8771,91.7304,91.1561,93.6444,92.8269,91.7254,90.5638,89.8628,90.692,92.4028,92.4337,90.1669,89.7088,87.5199,88.7659,86.1664,85.5267,84.1929,87.0551,85.4715,85.9255,85.0781,84.0387,86.9036,87.8621,84.5073,81.7608,82.1306,80.6937,79.7739,80.2142,79.0114,80.4132,80.7772,78.9748,77.8737,77.5952,75.686,74.701,76.7445,76.4838,74.4573,72.1924,71.1303,71.7849,71.8835,71.0908,70.7333,70.636
100,100.703,102.403,104.209,103.429,101.744,101.544,100.885,99.8778,99.5396,101.09,100.172,101.077,101.964,105.948,106.134,105.691,104.142,103.424,104.083,103.333,104.378,106.766,108.016,110.489,112.327,114.793,117.081,118.639,120.527,121.555,119.652,122.35,122.364,123.443,124.565,122.954,123.436,117.822,113.998,112.941,112.477,109.963,107.929,107.375,107.989,111.396,112.976,113.097,113.47,114.052,114.968,115.6,114.52,113.692,115.584,116.075,114.147,114.696,111.006,109.383,109.031,109.951,112.815,117.548,115.749,114.908,114.516,114.062,114.15,114.251,111.632,112.553,112.641,112.545,115.855,114.736,114.984,114.205,116.312,119.435,116.314,117.535,115.968,116.158,115.276,115.997,113.682,113.725,114.06,112.461,114.672,111.987,114.851,115.066,114.884,113.989,111.903,113.213,112.01
100,100.368,101.359,103.487,103.055,106.966,104.997,104.328,103.223,104.414,104.093,103.568,102.21,100.386,98.9555,101.65,103.07,103.989,106.333,106.318,105.539,105.707,109.328,108.258,106.894,104.829,109.794,107.619,108.72,108.931,109.255,110.956,107.752,107.87,105.876,105.379,108.211,108.546,108.493,109.337,111.532,113.109,112.602,115.124,115.494,116.785,118.725,118.591,118.646,119.315,119.769,119.073,119.659,119.401,121.96,121.154,119.676,119.656,117.807,116.021,113.203,118.833,113.111,111.171,113.726,109.659,110.12,109.446,109.927,110.672,110.585,110.028,110.84,111.252,113.35,114.974,117.366,114.653,114.749,113.343,111.764,111.236,109.984,111.474,110.447,108.499,107.522,107.217,105.134,106.205,107.897,107.979,111.668,111.02,110.183,112.37,112.794,112.371,111.544,116.438
100,101.246,100.022,101.164,99.6803,97.9624,97.499,95.3829,94.5361,94.6971,93.1977,94.6144,95.6042,94.9754,95.8628,97.3158,100.086,100.274,100.175,100.724,100.095,103.376,105.087,102.101,101.065,104.28,105.426,107.024,109.25,111.459,113.291,115.532,118.387,119.418,116.983,118.438,120.085,121.61,123.119,119.663,121.521,122.108,119.244,119.971,116.321,119.89,120.863,121.663,119.336,118.215,117.88,116.958,116.549,115.932,118.088,120.033,118.422,116.026,114.448,113.921,113.35,114.104,116.784,118.012,119.388,121.998,120.219,120.942,126.031,122.382,124.145,123.234,122.7,121.718,123.692,125.414,128.169,127.293,128.518,125.934,129.87,127.913,126.658,126.508,125.634,127.493,126.624,130.494,129.068,128.18,128.046,128.19,128.591,125.525,126.17,122.945,122.519,116.581,117.454,116.772
100,101.388,99.5613,97.8503,98.1065,98.743,96.3918,95.6196,97.7662,97.7528,99.2373,99.0032,99.772,103.512,103.79,102.454,102.758,105.612,107.815,107.606,105.822,105.853,107.97,109.439,108.262,105.556,105.059,102.485,101.581,100.534,100.717,100.275,101.818,102.522,103.333,102.053,103.904,103.994,103.617,103.303,103.797,103.962,103.072,101.9,101.583,101.551,102.129,101.473,99.5079,100.086,98.887,100.159,102.365,102.401,104.59,103.796,105.921,107.783,105.462,107.384,108.605,110.374,111.999,110.46,108.521,106.839,107.735,107.04,107.921,109.032,108.633,109.713,110.908,111.58,112.369,110.994,112.21,110.344,109.07,110.492,108.845,109.204,109.995,110.294,111.488,112.142,109.849,109.786,112.517,112.901,114.475,111.569,108.037,105.233,106.982,107.723,104.009,106.001,105.718,108.079
100,99.7259,100.536,99.8865,101.121,100.556,100.739,101.329,102.831,102.163,103.218,103.279,102.177,103.586,105.157,107.597,108.782,109.257,110.788,109.803,110.004,109.081,108.011,108.676,106.718,106.042,106.327,105.57,105.058,106.603,105.48,105.72,107.519,107.873,107.336,110.492,108.356,108.769,110.086,109.942,111.322,108.728,110.36,110.563,108.133,109.373,107.665,107.356,108.105,109.718,108.747,109.39,111.413,112.926,109.209,110.073,110.7,111.53,110.398,112.789,112.626,112.136,108.364,107.418,106.88,108.197,107.558,109.131,106.284,106.076,106.275,106.04,105.945,104.209,105.91,106.103,105.728,104.721,106.075,105.027,105.91,107.433,106.086,107.436,109.175,108.609,107.926,110.02,111.468,110.074,108.179,107.827,106.539,105.749,104.412,107.72,112.484,111.438,110.238,109.147
100,96.3714,98.1711,99.5954,99.6632,98.3037,95.5263,97.5866,98.1377,97.7132,99.8237,97.6976,100.336,100.158,101.952,102.427,100.56,102.269,102.315,102.453,104.669,105.941,107.095,106.429,109.429,111.287,111.993,112.693,113.679,114.296,113.691,113,112.507,110.471,109.727,109.441,112.691,115.063,112.357,112.897,112.45,111.151,111.819,112.186,109.916,109.143,109.216,110.661,112.766,109.721,105.434,105.827,105.256,107.088,105.322,105.873,107.868,107.522,106.586,107.306,107.767,107.323,109.272,104.442,103.462,102.771,102.519,101.644,100.016,100.381,100.463,100.741,102.161,105.383,107.344,111.53,109.996,110.307,109.863,107.005,104.371,104.664,103.177,104.168,106.982,108.513,109.204,106.187,104.986,101.244,100.399,100.512,98.7267,96.2362,95.2135,96.0084,96.8587,95.4389,93.9155,94.3901
100,99.4311,101.292,101.148,99.828,96.8446,97.2375,96.0358,95.7614,93.3309,94.0445,94.2847,92.9752,91.6167,91.377,90.5811,92.2691,90.6628,92.5102,93.9531,93.9599,92.5287,90.8468,89.4636,88.8159,89.4639,88.5458,89.6272,90.0705,91.1971,91.6451,91.4065,92.0225,89.0091,88.9204,89.0163,89.6589,90.4883,88.4843,85.4376,84.7953,81.2663,78.8453,75.5529,76.309,75.8981,75.9227,75.9549,76.8118,77.9065,77.4371,78.174,77.4625,76.375,75.6654,77.0199,78.6464,79.5963,81.401,81.2033,82.8073,83.3218,85.3343,85.6707,83.9343,82.5638,81.1703,80.271,79.1956,80.3077,78.5933,79.2374,78.8306,80.9972,80.2072,82.0622,82.1754,82.3258,83.6272,83.2776,82.9107,81.8196,81.5379,82.4227,81.1927,81.2805,80.4137,80.2451,82.1558,80.7373,81.4187,81.2221,80.7152,81.1228,81.094,80.9457,81.395,82.0998,81.4818,82.452
100,98.5089,100.585,101.899,100.843,99.7981,99.2245,98.4647,100.046,101.229,102.15,101.886,104.141,103.736,104.184,102.923,105.315,103.395,103.171,102.377,100.083,101.549,103.47,101.129,101.566,101.558,100.58,99.8523,103.292,103.807,101.681,100.03,101.488,100.623,97.7467,95.7571,97.0091,98.9001,100.688,103.305,103.326,100.493,101.109,99.3934,102.552,102.889,100.71,102.353,99.7166,98.0951,99.7053,98.5229,99.1702,98.4264,99.5515,100.623,101.792,99.8576,99.0323,98.8852,98.4223,98.824,98.9596,98.0773,99.3063,98.2268,97.8677,98.5664,100.956,99.9424,97.1489,95.8046,98.4917,96.6352,94.3748,97.2675,96.2188,96.053,95.2934,95.2634,93.5888,94.541,92.7209,91.9901,90.3415,89.8277,87.768,88.9269,89.43,89.5946,88.513,86.6926,88.5358,88.9887,88.657,91.3116,92.3692,93.0909,92.7616,92.1005
100,98.3085,98.1945,95.9508,95.6759,94.111,95.7161,94.937,95.8695,98.09,98.9026,100.082,100.549,98.458,101.439,100.957,99.3673,101.253,99.7974,98.6112,100.99,100.954,101.598,101.717,101.873,97.8252,96.7042,94.2111,95.7283,94.9252,94.2935,95.1541,96.1006,95.3807,92.2769,92.3831,91.8421,93.3262,91.4539,89.764,87.8168,90.0461,87.0248,86.5844,86.6184,85.8284,85.8682,86.6061,86.945,87.6348,87.0685,85.5528,85.4108,85.2807,85.0642,85.6291,87.1877,86.7763,87.6494,85.6682,85.0664,85.8742,85.2039,84.3575,83.6681,83.04,83.3126,83.7374,81.3512,81.1666,81.8299,80.719,81.2392,82.6893,83.0124,83.6238,84.1217,83.5086,81.6794,81.893,79.4943,78.7547,78.4911,78.9807,78.775,77.7182,76.8002,74.2378,73.8667,73.0108,71.8915,73.1513,72.054,74.0304,75.7427,74.9789,76.1313,76.652,76.4667,75.5753
100,100.155,98.3642,98.7395,99.3838,96.3386,97.2718,98.2076,97.6091,95.2255,93.3112,89.562,91.5821,93.1071,93.2645,92.9535,90.3565,88.3838,90.1282,90.7398,93.0157,95.1926,93.8599,94.8964,95.5731,95.4457,97.8901,96.9787,96.7471,96.5345,98.0597,95.8442,96.2406,94.9984,92.9132,93.6001,93.6739,91.1889,88.4711,88.9934,87.9816,88.4104,86.2652,89.1106,86.668,86.6493,86.0635,83.6729,85.2154,85.08,87.4235,86.692,86.8627,86.2062,84.7559,85.3176,83.0218,81.3595,78.4225,79.5203,81.2637,80.0577,79.0928,78.8273,79.1856,78.9479,79.1968,80.672,79.6589,79.8997,78.4581,78.7376,79.1603,79.8181,78.1645,78.7269,79.52,79.1166,75.0009,73.3686,72.9958,74.3332,74.9041,76.3834,78.5453,78.5456,78.3534,79.6657,81.3676,78.5343,78.5816,80.9736,81.6498,81.3187,82.0945,79.8233,80.2129,79.9297,78.4281,78.4528
100,100.727,100.897,99.3606,97.2448,95.4893,97.4144,95.4957,96.0634,96.5353,98.9464,98.7019,98.4261,96.4405,94.5766,92.7711,90.9666,90.9589,90.0886,91.989,93.329,93.825,92.5566,93.234,91.7949,94.4933,94.4071,93.8567,95.2534,93.4113,92.8221,91.6085,91.4836,90.8526,91.8359,91.3746,92.9446,93.3031,93.463,90.9225,90.605,91.3914,92.3196,93.0367,92.791,90.6494,89.5789,85.9389,86.8554,86.3525,85.0908,84.4468,85.6648,86.4639,87.832,87.2042,88.0392,89.6505,90.1106,89.9933,88.5931,93.2148,92.9906,93.9006,92.6625,93.5529,96.2442,96.9491,97.6326,96.2166,97.441,95.5984,93.8575,95.4246,94.2549,94.4797,93.5385,94.0971,94.587,96.1816,93.2556,93.787,95.7743,96.8165,98.9171,99.4659,100.033,98.6048,100.972,100.775,99.3035,99.0207,100.744,102.452,101.275,102.684,103.094,104.448,105.551,103.171
100,101.954,100.376,100.083,102.536,101.958,101.033,99.4297,101.369,101.762,103.708,101.194,101.987,101.671,104.309,103.527,105.402,104.619,101.505,103.364,102.441,100.753,102.15,104.501,101.643,103.952,103.73,104.55,106.464,103.481,103.401,105.532,106.366,105.867,105.428,102.271,105.347,104.317,104.554,104.114,101.006,100.028,97.887,96.2377,96.251,96.2828,97.4548,97.8905,98.775,98.8533,98.3802,97.5771,96.9936,92.9259,95.0084,96.5823,94.7023,95.0404,96.1698,95.5386,96.5456,94.5709,93.1791,93.8885,92.6422,96.3485,98.3805,99.9717,103.281,101.527,105.14,107.796,109.98,111.779,111.827,106.237,108.074,108.821,108.051,106.66,105.475,102.367,103.867,104.078,104.262,102.735,103.953,105.529,101.494,102.473,100.398,98.3604,100.171,98.1902,99.7929,99.8258,97.8315,96.4096,99.39,99.94
100,97.206,97.262,98.1765,103.156,103.117,101.993,102.273,103.295,104.02,104.767,105.61,106.045,107.555,107.693,107.089,105.534,105.923,106.044,106.301,107.887,108.244,108.346,104.993,107.61,108.627,108.098,108.921,105.934,107.621,110.744,113.749,108.799,110.452,111.269,111.255,107.246,105.861,104.061,104.72,104.088,103.08,102.46,102.114,102.782,101.229,98.954,98.3131,97.9072,96.9203,97.6014,93.6754,92.1665,89.4489,90.1461,90.1887,90.3711,90.0073,90.2759,90.1508,90.2702,88.5435,89.5035,87.4965,89.7048,86.0615,86.3412,84.248,85.6733,86.4653,85.8317,86.0075,85.6724,85.7575,84.7262,87.2282,86.9362,86.149,88.3032,87.1438,86.5376,86.3186,84.2594,83.1437,82.0246,83.6753,85.1149,84.6026,84.8519,85.4977,86.3368,86.9951,87.9353,86.4107,87.0995,88.2794,87.2024,84.867,83.1188,81.8879
100,101.583,99.7247,97.2639,96.8249,97.1149,97.3399,97.9381,98.4027,98.5954,100.03,100.783,104.482,103.743,106.396,106.674,106.734,109.24,107.554,106.608,108.127,109.457,110.81,109.109,110.532,112.189,110.971,112.575,111.086,111.869,109.722,108.052,110.061,109.91,112.138,111.027,112.308,109.572,110.71,109.08,107.932,109.243,111.749,111.723,110.724,108.439,105.354,106.459,107.933,109.373,108.423,110.676,111.787,112.014,114.534,115.151,113.331,112.911,113.539,116.203,117.579,119.037,120.246,116.729,117.942,120.496,123.062,125.171,125.139,124.954,120.937,119.446,120.045,122.295,120.16,121.207,118.716,115.688,117.194,117.969,119.813,119.683,116.111,118.001,118.383,117.856,120.464,120.489,122.086,123.352,124.097,123.353,123.883,122.476,119.188,117.248,114.252,115.127,114.156,114.654
100,101.1,100.54,100.603,102.92,104.906,105.83,109.816,108.227,107.113,107.069,107.974,108.555,107.983,108.037,106.982,104.982,104.039,104.671,103.715,104.403,103.537,105.838,104.46,102.576,103.136,103.659,104.986,106.431,105.745,107.235,104.825,105.927,105.863,102.584,104.393,104.427,105.26,105.297,108.263,110.393,111.219,110.768,111.186,114.787,114.692,115.448,113.891,111.313,110.966,111.358,109.504,108.13,104.938,107.016,105.664,103.093,102.963,101.774,101.383,100.954,103.799,101.934,105.313,105.542,106.937,107.87,110.399,109.94,109.123,110.929,107.077,107.155,105.281,104.126,103.375,103.682,107.55,106.494,104.342,106.454,108.255,106.842,107.033,106.761,107.801,108.546,108.698,109.424,108.021,106.394,106.262,105.282,107.122,107.41,106.867,106.864,108.98,107.919,107.461
100,100.184,97.7907,98.1463,100.277,99.5135,100.194,102.654,105.13,105.133,106.634,106.95,108.58,104.665,106.121,107.28,108.901,110.269,107.479,108.549,107.308,108.894,108.579,107.227,107.994,104.92,104.791,106.063,106.744,106.709,106.459,107.461,107.735,105.18,106.118,106.888,106.822,107.128,110.156,108.47,110.089,110.914,110.34,111.263,113.575,115.234,114.323,113.138,110.457,111.746,110.674,112.381,112.578,113.862,112.113,113.837,112.777,112.352,112.19,112.734,114.682,116.702,116.022,114.647,118.522,118.964,119.272,117.255,116.683,116.647,117.253,119.458,122.288,120.669,118.636,120.311,124.559,125.228,123.806,124.407,124.817,125.812,124.608,121.333,123.146,123.063,121.62,128.183,129.822,131.246,131.842,132.027,132.885,132.722,136.702,135.206,139.912,139.535,141.303,142.73
100,99.2779,98.8241,98.6724,98.8048,98.7094,98.8058,99.6589,100.857,101.038,98.8811,99.9309,97.3874,96.7625,96.2615,95.504,96.6047,94.9931,95.3805,94.9064,94.2336,94.8279,94.5066,94.4766,94.625,96.5925,97.758,97.1258,96.5181,97.2292,98.9511,98.7577,97.587,99.8628,99.7396,99.7696,97.5529,99.4751,99.0744,98.7687,97.5187,97.9862,95.8225,93.6436,94.1391,94.1987,94.6487,95.0734,95.3836,95.0565,94.5305,97.3322,96.819,97.5717,98.255,98.2066,100.273,101.593,100.191,100.806,100.657,97.3251,98.7963,95.6032,95.409,96.2413,97.1147,98.3225,97.2939,97.7695,97.878,101.706,103.191,104.342,103.641,105.139,105.288,103.556,102.123,102.683,101.926,101.46,102.581,101.588,100.736,100.136,97.8878,96.4693,95.0375,97.3821,96.1969,98.4072,99.2922,99.3631,99.2177,99.2869,100.932,103.159,104.722,107.149
100,98.4614,100.286,101.051,101.439,103.268,105.997,107.848,108.806,108.366,108.277,109.612,107.856,107.724,106.411,105.027,105.084,104.259,102.793,104.804,105.69,106.254,104.632,104.991,105.716,105.475,104.139,102.472,102.04,103.48,101.864,99.9249,98.4045,100.926,102.153,101.36,100.889,103.182,104.584,105.276,107.104,106.91,105.623,107.162,107.476,104.707,103.547,103.117,103.559,104.246,106.077,103.51,104.501,102.253,98.5021,99.381,98.4267,98.0345,93.994,93.4917,92.7633,93.4272,96.2153,93.8269,95.1038,92.5132,93.139,91.4069,90.0695,88.4197,88.5477,87.9383,88.2546,88.2213,89.7356,89.6918,92.2297,91.5603,92.2797,92.1375,91.9034,90.7371,90.9508,87.7363,88.7406,88.8178,88.453,86.8315,86.7522,85.8044,83.983,86.1727,83.476,84.7613,83.5135,84.6662,82.9669,83.2845,82.4707,81.9032
100,98.7739,101.732,101.881,103.71,102.709,102.407,103.875,104.659,104.686,102.366,101.948,99.9564,100.144,99.2145,97.8138,98.2796,97.6105,97.8579,98.1636,100.786,104.383,105.511,102.986,100.332,101.327,98.9087,100.122,100.695,100.167,99.2333,101.05,98.2332,97.75,98.4595,101.419,102.014,104.063,100.603,101.117,98.7443,97.7219,96.9408,98.5419,97.3908,95.9561,96.3249,96.2161,94.6684,94.4673,93.1466,93.8789,94.1368,91.3326,91.4718,91.796,92.7425,92.9128,92.602,89.9127,89.4307,91.436,88.7321,89.048,89.4839,89.1992,90.6068,92.1337,94.6215,95.7678,95.8084,93.8651,93.7581,94.2113,94.7752,93.901,93.2814,93.8023,92.9054,92.6032,91.1382,91.6467,90.22,91.6434,92.5824,93.1779,93.0861,92.4929,91.3734,89.7706,88.8428,91.3371,92.5063,94.5611,94.6808,94.7167,94.4911,94.2981,95.5712,94.9339
100,99.4476,97.5092,98.6342,96.8306,96.3005,94.0967,95.1002,96.4865,93.9599,94.2335,90.5167,90.2868,91.504,90.8998,90.4863,89.8819,91.1708,91.9873,92.3422,93.3663,89.713,90.2453,90.6752,89.7755,89.9274,89.0728,89.2044,88.4137,87.2183,88.3623,88.2423,89.6831,89.0386,89.8716,93.1379,91.2316,89.9827,89.7767,89.3289,88.5491,86.538,86.1898,87.4407,86.6914,87.9415,86.2294,84.9535,86.5947,86.6808,87.0624,86.6648,86.1378,86.3945,85.2577,85.9647,85.4066,86.9736,86.2511,86.9087,85.0331,84.7129,86.3621,87.363,88.2774,88.3001,86.3142,86.8121,85.8182,86.0085,86.9807,87.4436,88.1059,87.0872,85.9745,84.8973,85.2684,84.3938,85.8913,86.3782,85.5164,84.7479,83.9108,84.1882,83.8585,83.0257,80.6137,82.145,83.3244,83.1273,82.4997,80.2731,80.9484,79.3382,77.9781,78.0445,77.6962,78.6492,76.0968,76.3755
100,100.205,97.6929,98.4475,98.5036,100.879,99.8648,101.065,99.8231,100.231,102.038,101.699,102.124,101.493,101.982,100.71,99.1623,98.1499,99.733,100.06,99.9242,99.1433,100.262,99.7225,100.065,100.939,100.656,101.797,100.624,99.2391,97.5374,100.348,100.798,100.015,99.8645,97.281,97.3818,97.0404,98.5894,100.695,100.107,98.7562,99.6308,97.5466,95.5797,97.6603,97.7103,98.0342,98.9321,98.8938,99.5684,99.2928,99.5044,98.4771,96.0374,96.4539,94.1563,93.1331,93.4125,94.16,93.4007,92.9853,93.1817,94.2897,96.5051,96.6251,96.2441,97.5203,98.0035,96.9234,98.7545,99.6445,99.0989,100.046,102.469,102.114,100.719,101.9,100.043,99.2406,97.1349,94.711,95.5871,96.1757,97.4731,100.108,98.8811,97.8948,99.0058,97.8717,98.1492,97.5911,99.3195,99.6398,103.181,102.038,101.62,100.425,99.7195,97.3235
100,99.3888,99.6501,101.329,99.6976,96.3078,94.818,96.6927,96.5555,95.1884,96.8887,95.8477,98.2173,100.202,100.178,104.611,106.704,109.436,111.109,110.898,108.2,110.962,110.835,109.161,112.384,114.396,113.428,113.641,112.669,110.331,108.218,106.053,107.179,107.585,107.796,105.703,103.394,103.064,103.974,101.178,102.655,102.608,103.087,107.056,104.146,103.006,102.052,100.619,99.7219,99.8567,100.171,100.876,98.7862,101.001,100.935,102.049,104.354,102.621,102.032,103.209,103.033,101.236,98.3477,97.4455,94.2457,95.1568,98.425,97.0987,95.909,96.6586,95.3049,94.7369,93.8721,93.8855,90.688,89.4805,88.3108,89.2367,89.4944,87.5139,87.1037,88.5731,89.9842,91.0529,92.2409,92.275,91.1465,94.9564,94.9729,95.4826,94.5139,97.6289,98.163,96.2624,97.0814,95.955,95.1992,98.3909,96.8971,95.673
100,102.361,103.765,102.889,105.468,106.218,105.016,105.628,104.462,103.378,103.791,103.745,104.723,103.706,102.092,101.872,99.9995,100.883,100.882,99.681,97.6562,96.3878,95.4987,96.417,95.5035,95.5802,96.2405,97.4484,95.8998,96.6604,97.1409,97.0146,96.525,96.0748,97.1032,97.494,95.7464,93.1819,92.2997,92.0804,92.0009,90.7599,89.7676,90.9686,90.9321,91.9866,89.1956,87.3091,88.8445,87.0076,86.6043,87.6646,86.4915,86.9869,85.0583,86.2514,84.9225,87.1868,86.8439,85.3415,86.6091,89.5537,90.9633,92.0964,91.2813,88.3808,87.2619,86.4863,86.9172,88.1545,88.7092,89.2309,89.408,90.2096,89.9082,92.5485,95.0887,93.319,91.4258,91.1816,91.2059,91.7881,90.6407,89.5919,89.1436,88.8145,89.3139,89.281,91.4866,92.2984,94.2843,90.9876,90.2667,89.3152,88.9426,88.5191,86.5952,87.8825,87.1056,86.0146
100,101.079,99.0431,97.7203,97.3086,94.8785,94.9423,94.5972,92.91,94.3994,94.515,95.4624,99.0498,99.3817,100.534,99.4983,101.238,101.997,102.511,103.92,102.752,99.0437,100.299,100.07,97.77,95.3501,93.8707,93.253,91.9257,93.1693,94.905,97.4984,98.5308,97.8792,97.8574,97.4712,98.1459,95.73,94.2735,96.5095,94.8591,96.3762,97.5395,98.9379,95.0622,97.9621,96.9814,99.9347,99.0056,97.9943,99.6771,100.296,99.6213,98.8103,96.9152,98.9921,98.5635,99.7746,101.207,101.872,100.123,100.701,98.6262,98.4048,99.1413,101.498,101.343,102.039,100.764,101.664,103.606,102.744,104.018,102.738,104.876,108.197,109.157,110.034,111.421,112.306,113.372,114.169,113.491,113.552,113.755,115.018,112.42,113.389,112.891,112.689,111.286,111.902,110.802,109.865,112.183,111.304,112.394,113.12,111.332,111.552
100,99.3986,100.429,102.316,103.247,100.564,100.826,102.21,102.807,105.604,105.323,105.172,104.817,106.298,106.77,105.402,106.058,106.74,107.522,110.187,109.648,110.981,110.539,114.379,112.953,116.183,115.652,116.469,117.896,115.568,114.974,114.565,113.733,116.016,119.634,118.871,119.082,119.895,121.695,119.379,116.178,118.085,121.57,122.658,121.724,122.827,123.616,124.654,125.953,126.466,130.054,132.517,134.802,133.384,134.15,133.58,133.908,133.396,132.808,136.96,137.728,139.067,139.186,134.429,134.987,130.937,129.271,127.483,123.706,122.59,119.869,120.215,120.578,119.448,117.635,115.951,117.554,116.841,117.648,122.178,122.579,123.306,121.844,119.988,119.557,119.356,119.316,118.594,121.073,120.198,117.028,117.884,117.475,115.995,118.395,121.695,121.712,123.48,124.41,121.912
100,101.756,102.257,99.9844,99.476,97.2281,97.6866,97.9438,98.482,96.4689,98.6574,97.2712,96.3158,97.9552,97.9146,97.3122,98.1691,97.5015,94.9205,94.9728,96.1016,96.473,97.7449,96.014,96.0299,97.1232,98.9321,99.1683,101.239,100.4,102.603,101.121,103.324,104.024,103.33,102.436,100.566,99.809,99.8605,98.5096,96.429,93.7284,91.2657,90.5961,89.7914,89.0721,91.0951,89.9307,89.8927,86.2118,87.2565,86.6346,88.7157,89.3052,90.9197,91.8716,88.7471,88.9788,88.1688,88.5529,89.3327,89.8566,89.4201,88.5933,90.1591,91.9063,92.2079,96.023,94.5597,93.9207,95.5468,98.6002,97.7701,95.9722,97.1149,98.9922,99.6706,99.2838,99.3883,101.806,102.278,103.935,105.234,106.046,107.343,107.797,107.33,107.739,107.157,110.902,111.785,113.055,115.002,115.174,114.306,112.376,110.995,111.75,111.012,110.857
100,99.1208,99.9793,98.4514,98.2654,97.8825,98.8346,99.9726,99.93,102.576,102.938,104.023,103.802,103.498,100.898,100.656,100.095,97.7914,97.514,99.817,98.2828,98.7429,97.627,98.6912,99.5964,99.9609,98.4772,96.9242,96.9374,93.3636,94.5834,95.8185,94.9987,94.8177,95.7114,95.3594,94.0985,94.0597,94.1098,92.7427,93.9295,90.558,89.7672,91.6374,90.8036,88.1923,87.4184,87.1706,87.0336,86.5449,85.9167,87.0477,86.8415,84.4527,85.5827,85.2288,84.8957,85.3753,85.7061,86.4668,87.8487,87.2257,90.0417,89.1948,87.0523,91.2766,91.6123,91.7607,92.3283,93.9763,92.2549,92.9039,91.4758,91.5263,91.9417,90.4205,89.1474,87.0043,87.7695,87.3889,85.6948,86.2441,87.5076,84.0495,85.5432,84.574,83.9574,83.6685,86.8935,90.1498,90.3009,90.9916,90.339,89.7929,92.9474,93.036,92.4437,91.5017,92.4193,91.1294
100,99.8093,100.32,100.508,102.769,104.384,103.834,104.066,102.59,103.751,103.931,103.979,103.884,106.611,105.893,106.41,108.732,108.617,109.186,107.574,109.325,106.216,105.296,104.84,103.575,107.361,108.462,110.936,111.734,110.718,111.471,108.756,108.62,109.687,111.982,111.243,113.475,112.807,113.455,112.879,111.672,110.654,112.905,111.795,110.841,111.893,114.933,117.363,118.505,121.306,123.301,122.918,120.687,120.583,123.997,126.456,127.46,128.809,129.749,130.3,131.323,132.878,132.283,131.637,134.079,132.323,130.39,129.28,127.957,127.758,126.423,124.496,122.738,124.981,127.162,128.565,124.342,125.829,127.233,127.377,128.494,127.922,128.063,132.651,131.856,129.351,133.388,132.45,130.462,130.739,132.442,132.574,129.641,129.479,131.81,132.058,133.257,131.1,128.284,129.112
100,100.879,99.0519,98.4107,97.5612,101.604,102.682,103.407,102.006,103.675,103.975,104.694,103.951,103.266,101.174,103.9,103.681,103.016,102.79,104.443,102.436,101.254,104.123,103.736,104.214,103.809,104.535,102.953,102.468,100.553,101.436,100.095,98.7408,99.1378,98.3252,97.9281,97.5182,97.0274,98.3119,99.2415,96.6421,95.9392,94.7753,97.0919,97.5008,96.2861,97.0474,98.8354,101.192,100.579,100.247,101.453,101.023,100.86,100.706,98.6307,99.9593,102.007,103.074,105.977,105.555,105.212,104.228,106.399,108.291,108.282,109.306,106.632,107.429,107.105,108.008,107.145,109.399,112.61,114.318,115.935,114.842,118.149,119.848,117.552,119.847,116.23,113.998,112.339,111.324,112.55,109.693,107.534,109.007,112.273,113.761,116.101,115.647,112.408,112.499,111.209,114.186,111.766,112.68,112.858
100,100.518,102.658,103.56,103.958,105.064,104.537,102.715,104.327,102.785,100.856,100.189,99.4554,101.271,100.455,102.01,101.393,101.211,100.543,99.1859,97.0505,95.6771,95.0969,94.0706,94.3723,93.0366,92.1989,93.1556,91.8222,91.2414,92.8096,91.2137,91.6466,93.3293,93.1558,94.3053,95.9366,94.6741,93.4502,92.6882,90.0308,91.8013,92.0264,90.972,91.6886,91.0906,91.1432,91.6956,92.0304,90.4462,91.9479,92.4874,92.5894,91.4782,92.4631,91.538,94.0353,96.1205,94.4021,92.8163,91.9502,91.0507,93.0269,93.3231,93.493,92.3518,89.4482,87.6347,89.7475,89.3957,88.834,89.3243,89.7958,89.4184,90.5091,91.909,92.0444,92.8078,95.5369,94.3632,94.6899,94.3253,94.5865,93.4831,92.2415,91.2013,90.4803,87.9599,86.432,88.3118,87.3814,86.0012,83.6654,87.1218,87.0208,83.8368,86.702,84.8701,86.185,84.5132
100,99.2958,97.3829,96.0428,96.1377,98.4073,98.0857,97.1197,97.2265,97.0068,94.1505,94.9919,93.1587,92.8594,92.8384,91.2993,89.3453,88.4104,89.8767,88.3006,90.5001,90.0319,87.7237,88.6342,88.2601,87.8657,88.5823,87.2583,90.6354,90.7402,90.3294,91.5024,93.2084,93.9583,94.6053,96.3057,97.5353,99.8697,100.089,104.884,107.452,110.474,110.417,109.686,110.131,108.51,108.34,111.686,111.393,112.428,115.295,114.583,115.24,114.675,114.9,115.878,112.935,113.059,111.697,110.216,107.766,112.146,113.827,112.114,109.89,107.669,108.308,106.96,106.775,106.945,106.8,106.585,104.637,105.217,107.797,107.19,107.615,108.434,109.909,111.703,112.72,112.561,114.373,114.561,112.807,111.762,111.32,110.488,108.713,110.448,112.502,111.868,110.343,111.772,111.41,111.019,112.46,110.82,110.718,110.358
100,100.318,100.825,103.488,101.985,103.593,103.893,105.07,104.497,105.766,107.385,108.285,108.496,110.024,109.621,108.679,109.299,109.171,104.309,105.148,104.538,104.532,105.412,108.38,108.657,110.14,112.464,114.376,115.429,115.342,111.634,109.007,108.138,111.767,109.215,109.699,111.713,109.282,109.778,108.122,107.206,107.203,107.511,109.364,109.212,105.865,105.691,104.065,102.476,103.332,104.884,106.333,104.763,102.929,102.376,99.1776,99.9545,99.766,99.8979,100.031,99.3761,101.908,99.5945,98.0844,96.8627,96.4327,95.7574,97.0994,96.2777,94.4128,92.1855,91.8394,90.1526,92.1269,92.8656,93.0682,93.9232,92.8086,91.4747,92.4407,92.3646,93.3998,90.5424,89.7091,88.3438,86.6621,83.3238,85.2794,84.7937,84.3978,83.9247,83.5618,81.7514,80.6361,82.6385,86.4486,85.6122,86.3763,87.0589,87.781
100,102.548,100.402,102.728,101.506,103.134,101.349,102.33,101.936,101.902,102.131,101.407,101.337,103.319,102.473,101.487,99.8113,101.572,99.1014,102.677,100.657,98.9255,98.5208,98.5269,100.623,98.9063,99.328,102.182,101.442,101.34,101.426,102.886,105.479,106.216,108.116,106.807,104.971,103.484,106.029,104.815,105.339,104.625,102.403,103.088,104.867,104.169,101.838,104.942,108.062,108.202,106.064,106.124,104.057,102.574,103.867,100.529,99.5993,98.5447,99.9147,101.704,103.676,103.509,104.367,104.09,103.622,103.936,103.876,103.977,102.829,102.719,102.416,103.717,103.643,100.325,97.547,96.3958,95.1301,94.677,96.2543,94.8247,93.9644,91.5767,91.4101,91.4301,91.5355,90.4422,90.2321,87.8194,86.1823,84.8822,84.7438,84.6521,84.2352,85.5126,85.4168,85.967,86.5266,86.4122,84.8102,87.9678
100,100.463,101.532,100.844,98.4534,100.109,99.6109,100.724,103.809,100.473,102.446,103.609,101.005,103.333,105.253,104.039,103.598,105.763,106.676,109.656,110.436,107.156,108.727,111.564,109.976,111.969,111.444,113.35,114.32,114.901,114.783,116.396,116.653,114.999,112.077,113.243,114.085,112.774,111.999,112.27,110.579,109.903,110.852,110.54,112.153,113.89,111.584,112.756,109.226,109.551,108.134,105.461,103.41,103.642,100.98,100.493,100.39,101.695,101.359,99.6237,98.712,100.294,101.494,101.374,101.425,101.07,102.698,103.519,105.931,105.153,107.328,107.242,105.17,107.184,108.223,109.125,106.504,108.358,106.8,104.316,106.154,105.583,107.412,108.343,112.456,115.662,116.393,117.981,116.665,119.148,118.28,116.65,117.93,119.707,116.07,117.844,120.727,121.631,122.989,120.765
100,100.479,101.144,100.985,101.647,103.818,103.194,104.477,106.779,106.895,107.349,107.921,108.594,105.992,103.982,104.758,101.53,101.208,101.137,100.309,101.606,100.826,99.488,102.537,103.078,105.973,108.468,108.772,108.579,110.25,111.245,111.336,112.1,110.71,110.046,112.579,112.706,111.544,113.314,113.495,113.694,114.403,113.648,112.023,110.132,111.117,110.979,108.862,109.965,108.57,107.169,107.683,105.926,104.715,103.133,101.602,102.447,99.6886,99.1926,98.7755,100.779,100.535,100.263,100.208,96.0052,93.1203,95.8254,95.2166,97.4381,97.7368,97.1851,96.0425,98.5751,99.2452,101.857,102.672,102.717,100.767,100.38,97.1411,97.6571,99.6062,102.095,102.966,101.657,100.478,99.342,98.775,100.889,100.224,98.2473,99.0545,100.784,100.313,99.1625,96.6006,95.0543,97.935,96.6179,97.8191
100,102.548,102.602,101.899,100.138,98.6621,97.3051,96.1625,96.7889,95.8351,97.1291,97.2162,95.7381,95.2978,93.3239,92.3724,91.1473,91.8627,92.0835,91.1829,91.7799,91.5145,92.8797,91.2497,88.6657,88.9034,91.0375,89.9004,89.0069,91.69,91.0974,88.1641,87.7904,86.7998,88.7514,87.0607,87.0399,89.5508,90.5908,89.9372,90.8196,88.8646,89.3617,91.8192,92.8006,93.6428,94.3142,93.8228,94.7685,92.8434,95.0383,95.4416,96.4435,95.6654,95.0778,96.6557,95.9664,93.7602,94.6138,96.9285,97.8842,96.6956,95.4167,95.5704,95.4505,94.6282,95.7292,95.6457,94.7589,92.9248,94.1896,94.99,97.144,95.8182,97.2703,98.7389,99.063,99.0144,100.071,99.7638,97.4318,95.0765,93.064,90.6056,87.0624,84.7687,84.1276,83.7102,86.5614,87.3493,86.6069,87.2446,88.6147,87.98,89.1352,91.5979,90.4566,91.2974,90.9309,91.3618
100,100.589,102.49,103.283,103.73,99.9002,102.101,103.689,101.492,102.457,102.436,101.559,104.411,103.432,106.685,104.269,104.004,104.816,104.786,104.301,102.674,100.005,100.294,101.543,99.6771,100.829,98.1531,99.885,102.704,99.6587,97.6608,95.2772,94.1256,93.6983,93.0953,93.5674,94.3236,93.3807,93.6025,93.9702,94.9624,95.0007,93.8903,93.6809,91.8157,91.4938,89.4719,88.8587,89.2868,91.2283,91.7652,90.699,92.3588,91.2988,92.0865,91.7348,91.2582,92.4249,92.2402,93.6011,96.9189,96.794,95.9319,96.1234,95.552,95.4502,95.4239,96.051,94.1624,95.9281,95.0957,96.1747,94.733,94.2793,95.4964,95.8587,97.5315,99.4443,99.2169,99.9204,103.147,101.58,102.056,102.506,103.586,104.47,106.685,108.125,110.915,109.78,110.431,109.073,108.216,106.85,108.737,105.852,106.633,104.29,106.663,105.92
100,101.042,101.243,101.404,99.2706,100.999,98.6323,98.4062,99.7819,99.6806,101.386,101.94,100.205,100.925,101.49,99.9536,100.44,99.8094,100.581,99.6736,101.876,102.716,104.107,103.749,105.156,104.661,104.936,103.203,107.169,104.727,105.611,109.396,110.935,110.473,110.532,108.642,109.418,110.311,109.556,111.609,111.682,111.882,112.998,113.144,110.176,112.562,112.294,111.617,111.98,113.634,112.468,114.617,115.203,112.104,110.595,108.404,110.192,108.947,107.426,106.697,107.443,105.027,104.418,103.944,104.082,105.895,104.102,105.916,104.793,107.081,105.968,107.413,104.798,103.544,102.735,103.096,100.372,102.685,104.306,105.697,109.774,108.146,107.568,107.474,109.566,108.06,109.966,109.635,108.327,108.885,108.677,108.883,110.017,111.797,111.557,107.953,107.62,111.169,110.052,111.056
100,98.7289,98.1695,97.7918,98.6608,98.7605,100.137,100.366,100.135,103.084,104.536,103.063,101.206,103.19,103.282,101.933,99.0367,98.4771,100.233,99.7651,100.47,101.972,102.035,102.605,103.333,101.394,103.459,103.795,104.975,107.382,108.46,110.436,107.7,108.557,109.58,111.058,112.008,113.792,116.274,115.361,114.229,116.277,115.68,113.479,112.499,111.629,111.367,112.528,111.906,112.279,115.291,114.42,114.897,115.563,115.665,114.454,115.625,112.377,115.258,114.738,113.277,115.892,117.311,119.185,122.659,121.39,122.857,126.113,127.131,124.99,128.285,127.168,128.973,128.235,132.316,128.613,127.174,123.052,122.822,125.165,127.282,124.474,127.128,125.841,127.733,125.36,123.781,123.985,123.805,120.663,122.047,123.545,124.749,125.784,127.862,126.875,125.937,127.919,125.869,126.046
100,100.718,102.039,101.23,99.0808,100.447,97.6595,98.5592,98.901,97.9337,97.4468,98.2768,97.142,96.5236,93.9452,93.4406,93.4865,92.0214,90.5784,87.2413,88.2302,87.9735,85.5514,86.4918,86.3078,86.2279,85.2787,83.5782,81.2627,81.235,82.7499,83.3371,83.591,82.6201,81.5052,82.1751,80.8623,82.0154,79.7526,79.8126,78.4279,77.4616,78.816,76.9797,77.2163,77.984,77.0021,76.2835,78.6225,78.671,77.5825,77.1978,79.8008,82.3154,83.2952,82.3908,80.818,80.6612,83.1282,84.9028,83.4744,83.9778,82.476,83.0289,84.3601,87.4173,88.0156,89.4214,87.9647,84.9865,85.6457,84.9913,85.3034,85.3737,85.0049,86.2846,85.7616,86.0089,85.4331,86.5789,85.3189,82.4922,83.2585,83.3166,82.5006,82.2275,81.8645,84.2658,84.3257,82.6479,80.662,80.6974,78.6231,78.8972,79.8845,78.9543,79.7221,80.5938,82.1997,83.1508
100,102.381,100.857,101.552,102.327,104.807,103.381,102.645,103.225,101.863,102.298,100.24,98.9846,99.2095,95.6877,96.3119,97.7853,96.0387,94.7528,96.0201,96.2809,96.6486,100.185,101.579,102.844,104.566,107.499,107.943,108.312,110.182,108.464,107.177,105.015,104.384,105.47,106.097,106.043,106.55,101.774,102.065,105.817,106.136,105.633,104.644,102.936,103.567,102.549,101.862,101.161,102.214,102.354,102.095,100.307,100.04,102.838,101.879,100.841,101.103,102.175,100.909,104.563,103.529,104.206,102.154,101.445,100.569,102.405,102.191,101.024,102.27,101.366,100.382,102.083,103.021,102.298,102.337,104.046,103.452,104.422,104.906,105.92,106.047,104.554,103.835,102.056,103.745,101.121,101.999,103.238,105.922,105.949,105.552,104.1,102.57,101.601,101.732,101.075,100.5,99.9643,98.2037
100,98.2539,98.4658,97.3076,99.0484,99.0879,98.5369,97.0769,96.7281,96.7684,98.8705,97.7838,95.8749,98.0418,101.095,102.444,101.814,102.371,103.737,101.182,101.053,102.012,100.47,102.948,102.019,102.067,101.988,101.147,100.686,97.9434,99.237,99.9442,99.3458,98.939,97.1111,96.7984,98.7104,98.9352,98.2689,96.4921,96.3035,94.5161,93.5307,95.3179,96.3763,98.0123,98.6303,97.276,96.5627,98.3333,97.6551,100.558,100.693,100.045,98.3229,99.0603,100.913,104.039,105.171,105.038,105.039,104.462,104.67,105.707,106.855,107.581,108.059,108.249,109.436,109.876,112.652,112.483,113.142,112.682,111.659,111.061,113.48,113.416,111.674,113.492,112.32,113.904,115.32,118.639,117.059,119.408,117.574,115.101,114.922,116.11,115.232,114.174,112.171,110.099,110.92,109.673,108.138,107.6,108.451,110.319
100,98.0649,98.4129,98.6985,97.6956,96.8864,97.2094,97.8981,97.4056,98.5025,98.7585,97.6766,100.393,101.044,101.547,101.631,101.947,102.982,103.378,103.283,103.852,104.347,105.948,105.564,104.085,105.585,106.213,105.367,108.424,109.325,112.667,110.636,113.368,112.381,113.432,112.578,118.483,116.321,116.218,115.681,113.069,114.619,113.423,114.216,115.065,112.29,110.599,107.366,104.063,104.389,104.294,103.244,103.887,103.18,102.749,104.514,105.581,103.549,102.061,102.128,102.25,102.673,103.162,103.17,101.34,102.886,102.663,102.854,103.232,105.107,103.394,102.653,101.766,100.528,98.9528,100.427,100.135,99.7242,98.5406,98.2154,97.8594,96.3667,97.9876,95.5223,96.6806,98.3221,100.448,101.331,98.9061,99.1061,99.0668,98.3915,98.1145,97.2014,96.7926,95.5798,95.4408,95.7617,94.4058,94.6199
100,101.725,102.011,103.533,104.56,104.346,106.281,104.733,105.166,104.172,105.324,107.053,108.62,108.794,109.325,111.141,112.949,110.656,110.241,107.987,105.343,101.234,101.829,101.072,98.1638,97.989,98.9368,98.8929,97.9374,96.7489,96.1881,96.0762,97.4952,96.2444,94.9964,98.6098,98.7774,98.4518,100.297,98.7488,100.088,102.818,102.182,99.7274,100.552,101.06,99.0311,101.434,103.365,99.8788,104.233,104.096,102.595,102.411,105.636,106.24,105.729,107.54,105.139,105.484,106.517,109.793,110.165,109.924,111.078,111.759,112.403,111.377,111.389,112.992,114.78,114.476,115.487,117.604,117.849,120.993,121.959,122.332,120.794,118.685,117.612,117.328,116.896,116.664,116.524,116.062,117.088,115.225,118.771,115.94,116.011,116.158,116.505,115.302,115.127,115.325,115.809,113.207,109.896,109.106
100,98.9793,97.1291,98.0581,100.271,101.662,100.541,99.6679,99.3281,100.798,100.049,98.0699,95.5544,93.5483,95.5342,95.6521,96.021,95.2994,93.6341,94.6038,95.7214,95.7256,95.8479,96.5986,98.8626,98.7962,99.2751,98.1751,98.1815,97.1189,96.7188,96.972,95.6445,94.0009,94.1788,91.1666,91.4764,88.8373,87.8141,87.7089,87.1183,86.0478,86.4715,87.6325,86.1414,85.9624,88.9933,89.2634,88.9318,89.5045,92.3992,93.6662,93.9702,92.4796,94.2762,94.6856,95.1674,97.1661,98.868,99.8937,100.995,101.74,99.7931,101.071,100.528,99.893,97.6868,96.9252,96.8329,94.4982,95.3016,94.8161,95.6127,97.3243,99.9241,100.195,100.719,99.107,99.3027,99.9526,99.4101,100.965,100.03,98.8177,99.7261,96.9603,97.4258,97.3243,98.5114,97.2186,97.8836,95.837,99.7745,101.989,101.447,100.541,100.454,103.238,103.949,102.682
100,101.677,101.03,97.8645,98.5498,100.581,98.4717,99.451,101.962,98.4204,98.969,100.357,99.0756,96.5059,96.1282,94.1747,94.9968,96.5872,96.1258,96.4557,95.4063,96.4169,95.1004,93.5809,94.0423,93.1007,94.8877,96.5314,96.749,95.8953,94.8722,93.5856,93.862,93.3173,92.5896,92.1017,91.6067,90.9921,91.3216,92.6038,91.3225,93.0628,93.3894,94.663,96.5227,96.7111,99.0336,100.769,103.672,102.892,101.587,101.58,97.9731,100.152,103.659,102.815,104.559,103.741,102.457,102.817,102.8,105.812,106.973,105.99,103.819,105.121,106.926,108.159,106.024,105.241,106.672,107.418,106.65,108.192,109.013,107.531,107.749,105.818,104.242,100.217,100.696,103.732,102.846,99.3516,100.724,101.032,101.382,103.103,102.871,103.037,104.027,102.299,101.87,103.887,100.593,100.878,99.8569,98.9793,98.8016,102.165
100,99.5696,100.595,101.023,99.8709,98.1812,96.4055,95.2967,98.6072,98.3531,95.7984,94.5694,94.916,92.4384,91.6713,92.2808,92.7577,93.5247,94.5773,92.2093,90.6502,92.287,91.0543,93.1691,93.1616,93.7985,95.2248,95.0282,98.4041,100.391,100.529,96.1681,95.3091,99.7523,99.6072,103.031,101.375,99.942,99.9131,101.103,101.239,102.294,103.551,101.233,103.062,102.982,102.067,105.526,105.929,104.913,105.966,106.817,108.083,106.115,104.563,107.449,106.695,105.078,106.274,106.302,107.994,108.912,106.065,104.051,101.859,99.3464,97.579,97.1403,94.8784,92.0005,93.867,93.9241,92.461,90.5688,91.9936,91.5272,91.964,94.0049,94.0495,95.9479,96.6623,94.7182,95.8602,95.3182,95.6263,94.5755,91.5781,93.5425,91.628,93.4296,92.0729,93.3613,92.3712,90.4742,90.2629,89.2066,89.0269,89.1906,90.0996,89.0327
100,101.116,103.106,102.392,102.51,106.112,106.049,102.611,101.72,101.547,103.716,102.28,103.444,106.992,104.863,104.119,101.661,103.583,102.621,101.139,99.3786,98.8328,98.8751,100.412,101.285,100.633,100.36,102.321,103.027,100.118,97.2347,96.4093,96.0983,96.8558,94.3092,93.1053,94.2946,93.6822,94.0484,93.4852,95.4154,94.053,95.539,93.2869,92.85,93.813,94.9696,94.5437,94.5223,93.4084,94.8959,93.8987,95.0491,94.9342,96.8639,96.3471,97.0247,96.5801,98.0189,95.5375,97.3147,98.4492,98.7127,100.706,101.838,103.356,102.325,106.593,107.127,109.704,108.064,108.266,109.394,107.181,105.619,105.203,103.654,105.998,103.862,104.495,105.585,105.376,105.099,103.909,103.693,102.893,102.737,103.334,102.152,102.102,101.664,101.632,103.922,102.564,105.399,107.184,107.189,105.131,104.12,104.107
100,98.6583,96.4683,94.5814,94.5877,95.3836,95.8739,95.23,93.9961,92.8513,93.5848,91.4201,91.2117,90.565,91.2397,93.7035,93.0224,90.8148,92.238,92.639,93.0124,93.5318,92.7495,91.0463,89.544,90.103,88.877,88.2155,86.277,86.0053,85.507,84.7209,83.7519,86.2783,85.7664,86.4043,83.3095,83.9234,84.89,86.9986,86.9722,87.5114,88.6649,91.454,92.3314,93.1068,94.1671,94.3581,93.8963,95.6474,94.4448,95.5204,94.7729,95.1237,95.8474,95.6012,92.244,93.7777,90.7912,91.6763,92.7578,92.2493,90.56,92.0266,92.2063,90.098,88.9722,88.2042,89.6004,88.9463,89.8441,87.5384,87.243,87.3341,87.3539,89.3882,87.3076,87.2198,85.859,83.13,81.6025,83.3969,84.2451,83.9948,83.7313,82.6847,83.4256,84.3404,84.6821,84.9243,84.5054,85.0228,85.1566,83.9685,83.5506,86.212,87.9122,87.685,88.2431,87.7565
100,101.717,102.599,103.355,102.942,104.375,104.414,104.423,102.062,102.208,103.187,100.77,102.623,105.33,103.483,103.917,104.299,103.444,102.193,101.782,98.5142,98.3165,97.6084,95.1724,95.3339,94.5064,94.8292,95.9584,96.8773,96.9894,96.9094,96.9705,96.8418,98.3737,100.07,102.282,103.383,104.086,103.188,103.834,101.709,101.806,100.862,102.989,103.823,102.816,102.576,102.329,104.523,105.345,105.146,103.499,103.495,106.806,107.62,107.541,107.019,105.546,106.642,106.333,106.133,106.738,108.391,109.665,112.503,113.361,113.74,114.888,115.295,115.318,114.882,114.613,113.98,113.97,113.291,115.034,112.22,113.586,114.895,115.59,116.823,114.116,115.681,117.538,119.099,120.773,121.834,122.523,121.483,122.044,126.245,129.313,131.188,130.354,130.316,128.868,133.353,132.064,132.568,132.647
100,100.439,99.719,100.952,102.363,100.767,100.16,101.83,101.196,101.214,101.223,100.639,100.611,99.1378,100.203,100.973,103.858,102.49,99.2492,100.254,96.0378,95.2517,92.2849,91.541,91.8713,92.0235,92.6007,92.7801,93.2693,94.8115,96.7146,96.0288,94.9056,94.4888,94.6251,96.643,97.9581,98.193,97.6981,96.4053,94.996,94.6385,93.4173,98.726,99.5521,99.9268,100.545,102.061,100.143,101.205,103.306,102.425,101.799,100.737,99.9322,97.9599,95.8471,94.1803,94.6115,93.7525,95.8849,94.7094,93.1844,92.1772,92.1971,93.1263,94.1365,91.9372,90.078,90.5238,90.7135,90.3002,91.0572,91.8679,90.3701,87.329,86.7221,88.3271,89.9637,89.9911,90.1568,92.4073,90.7283,92.1553,92.8229,91.8872,90.1741,90.3364,89.6711,90.976,93.8821,94.6753,95.5125,95.5633,96.4826,97.1964,101.044,98.8571,98.2673,99.1842
100,102.77,102.775,102.271,102.083,103.418,103.864,103.582,102.542,100.834,101.602,101.637,101.896,102.529,99.5523,97.3045,98.0154,100.434,103.054,106.189,106.409,102.67,103.886,103.043,102.608,101.813,101.648,100.769,100.135,103.013,103.913,103.085,104.408,106.863,104.538,103.984,104.552,103.889,101.603,100.762,101.973,101.739,102.393,103.021,102.417,100.384,101.088,101.925,102.022,102.319,101.48,100.554,103.105,101.972,101.995,100.238,100.656,99.081,99.5937,101.663,103.42,103.964,103.973,104.583,103.366,103.08,103.027,102.49,103.199,104.877,107.944,107.784,107.537,108.536,109.342,109.032,106.5,106.845,105.575,105.032,105.595,104.164,102.855,106.3,105.841,105.191,106.556,104.471,102.455,103.541,102.692,100.444,101.132,101.386,100.149,99.5728,98.2317,97.084,96.8344,97.8631
100,100.226,98.4626,97.2852,96.8898,96.1314,97.5542,97.7249,100.944,100.928,98.2057,100.294,99.6055,98.9748,99.687,97.6928,98.9237,97.2942,94.1285,94.8505,96.6384,98.793,97.6616,96.2227,97.6513,97.7937,97.0666,98.507,98.7709,97.9953,97.221,97.9316,96.7369,97.6883,99.9433,96.8496,98.8105,98.178,97.4089,96.6415,96.4069,95.6799,94.8773,94.1138,95.4874,93.6272,94.6394,92.471,92.8089,92.3678,93.0801,91.2056,93.0912,94.3558,92.725,89.9704,90.6704,89.6184,88.2456,87.3444,88.2084,85.9299,85.1389,83.8507,85.2449,87.1228,86.2806,86.308,89.6222,88.8904,86.9748,86.9911,86.5497,85.3847,85.112,83.4467,83.4306,82.4089,81.268,81.1566,81.3716,80.3787,80.2579,78.7997,77.7238,76.1816,76.0758,77.6725,78.8288,80.8173,80.5645,79.0925,79.1643,78.8039,80.2809,81.1063,79.2552,80.2935,81.1956,82.9897
100,98.6603,101.36,102.788,102.735,103.634,105.112,104.052,103.735,103.281,104.197,103.008,104.01,106.017,106.035,106.764,106.442,104.823,108.244,108.562,108.691,107.924,108.247,108.728,110.147,109.748,111.441,110.498,109.656,107.343,106.658,106.601,104.09,107.162,104.753,103.657,103.042,102.717,101.614,100.168,98.1129,95.5767,95.0914,96.1568,98.3946,98.3038,99.1734,100.67,100.522,99.4207,98.036,97.0385,96.6256,95.7163,97.6768,98.2651,96.5069,95.7749,96.6686,97.1991,96.7102,98.0931,97.4766,96.8716,97.7192,95.567,96.5545,97.8977,96.2272,98.1476,98.7075,98.4896,99.1453,98.9648,97.1241,94.6766,93.7262,96.7716,99.4563,97.8612,98.8312,96.1112,95.3246,97.0013,100.893,100.362,99.853,95.483,96.0847,94.7114,96.9207,99.4207,98.1153,97.0687,96.9057,97.269,97.9934,97.1016,94.8055,95.0887
100,99.9179,98.8414,103.151,103.535,101.711,101.46,100.57,101.245,103.586,105.738,108.006,110.685,108.77,108.776,108.27,106.909,105.682,103.935,103.38,103.143,104.926,106.899,109.393,109.03,109.064,108.745,106.661,106.136,102.745,103.088,102.172,103.793,107.108,108.097,104.8,102.723,103.976,105.347,104.354,107.255,106.849,105.459,106.356,107.668,107.558,108.658,108.836,110.433,111.86,109.255,107.886,110.068,108.976,110.364,111.119,114.234,112.064,109.421,109.208,107.916,108.074,108.771,110.324,109.407,109.77,110.74,107.527,108.403,109.741,110.727,112.109,114.914,115.527,117.254,114.759,114.067,117.048,116.592,115.12,114.471,113.769,110.738,110.908,111.952,113.922,113.199,113.693,112.654,114.741,118.075,118.245,115.324,115.03,112.345,113.212,112.872,110.234,113.865,113.366
100,103.507,102.826,102.579,102.616,102.059,101.901,102.501,106.17,104.945,104.439,106.208,106.314,105.328,106.798,105.468,105.579,105.975,107.962,109.326,106.82,104.944,104.176,103.872,102.969,104.711,102.959,102.216,102.697,103.136,104.839,103.604,103.243,101.924,101.317,100.48,102.764,105.562,106.118,105.707,105.594,105.41,108.62,109.141,109.858,109.174,110.198,110.093,111.668,109.148,109.176,108.69,106.05,107.888,105.556,105.717,106.073,102.896,100.775,101.521,100.075,98.7561,97.6791,94.8696,96.4953,96.6279,97.5197,98.0321,100.96,102.183,106.406,103.765,105.929,104.086,105.36,104.932,105.208,105.173,104.179,106.593,104.955,106.59,107.908,109.999,109.618,106.736,108.535,108.926,107.958,106.505,106.481,106.423,104.885,104.192,103.353,102.444,104.102,101.112,102.828,103.74
100,102.28,102.503,102.604,103.629,103.057,104.56,103.172,103.689,107.36,107.99,105.819,103.987,106.53,105.755,105.491,106.826,104.992,103.691,103.859,103.554,106.875,105.356,104.367,104.139,102.767,98.2123,98.327,99.102,98.1159,96.5794,98.2622,99.7953,101.549,97.2892,98.6881,97.8346,98.8526,100.481,98.2528,98.8537,99.0639,98.602,97.1709,98.0584,96.9593,94.9875,96.122,93.8608,95.9986,97.0059,96.8401,94.6026,95.0982,94.3493,95.3212,94.4024,96.4416,95.0256,95.1764,96.0696,93.9003,94.0902,94.6798,97.7031,94.9629,91.7729,90.3203,89.873,89.9917,85.3342,85.3497,82.3359,83.4903,84.1148,84.0235,85.1758,85.3824,85.6008,86.9615,86.2992,84.3883,87.4988,87.7946,88.1505,87.5858,89.7064,90.4983,91.1791,89.6976,88.4404,89.3948,89.1451,89.0456,89.2005,87.8942,88.2325,88.6106,88.0375,88.3772
100,101.327,102.013,103.219,103.211,102.426,100.569,101.299,100.273,101.378,102.433,102.707,101.213,99.7742,98.7766,99.253,100.96,99.6091,96.4395,96.3583,96.508,97.6517,99.5972,100.044,101.558,104.789,105.104,105.412,106.46,105.73,103.761,102.285,103.091,103.244,102.689,105.645,108.504,107.914,107.267,104.743,105.644,105.05,103.856,103.904,102.065,100.064,102.731,100.916,101.782,99.9973,101.159,102.373,102.858,102.607,103.553,103.813,103.562,105.395,104.805,107.014,105.71,104.838,107.036,106.989,106.743,104.586,105.857,102.668,105.486,105.34,105.182,102.88,102.775,101.549,101.621,99.8401,98.1179,98.325,98.9735,99.3616,98.1116,101.435,98.3537,99.8096,99.5293,97.9911,97.334,97.3542,94.5361,95.577,96.9915,94.2817,95.9186,96.8703,97.9226,97.1248,96.6962,97.2133,97.0992,95.5102
100,101.051,100.127,100.249,97.3139,97.724,96.6104,95.1396,96.4849,96.2808,96.009,97.6842,97.2952,100.222,101.852,101.286,99.6519,100.353,100.364,104.279,100.083,100.652,100.818,101.36,101.265,98.406,98.9764,98.0494,95.2599,95.0792,94.523,94.012,98.0931,99.2299,100.874,98.1314,98.3891,95.4319,98.5088,103.734,103.912,104.837,103.85,102.805,102.364,101.705,103.957,103.444,106.536,107.106,108.904,110.38,110.787,109.122,110.716,110.812,109.877,109.425,108.531,109.26,109.813,110.48,106.301,107.02,107.436,107.153,108.816,109.243,112.899,113.291,113.337,114.271,112.684,116.735,118.461,118.469,121.2,121.131,123.22,119.232,122.588,119.904,121.216,121.413,119.309,117.605,118.061,119.639,122.586,124.615,129.205,128.306,130.91,133.906,134.582,133.997,133.103,133.956,130.433,129.17
100,99.8863,102.417,101.096,101.237,102.771,100.161,102.336,102.999,100.994,103.157,104.216,103.285,103.728,104.631,104.447,106.301,109.876,107.261,105.532,104.352,106.109,108.374,108.368,106.98,105.195,103.671,102.441,102.319,103.977,103.216,104.342,102.222,102.859,103.613,104.123,102.272,106.518,106.855,105.897,104.451,105.043,105.334,105.236,107.172,106.188,106.768,108.611,110.172,111.7,113.769,117.285,116.908,116.328,116.653,117.043,117.966,121.808,124.55,124.405,126.433,128.347,126.89,126.306,127.429,129.935,132.402,133.385,135.071,132.567,131.365,132.074,129.173,129.154,128.357,126.987,128.357,130.297,128.034,129.449,124.505,124.657,123.105,125.711,125.96,128.318,131.083,129.163,129.133,129.7,131.562,131.367,128.607,130.933,135.334,138.064,139.146,142.498,143.61,145.332
100,97.5347,98.5591,96.7447,98.1632,98.2001,97.2597,95.597,95.071,94.108,94.9506,95.4252,93.5913,91.5044,91.1543,90.4792,89.3071,90.4339,89.0286,90.4749,91.661,92.6369,92.2149,91.7453,90.9474,89.8232,90.2841,90.1482,89.431,90.1743,90.8257,91.2062,92.4159,90.9565,88.9662,90.5626,92.3358,92.4834,94.526,92.1352,93.8477,93.3959,95.2408,95.1932,93.1664,92.807,92.3941,90.8568,90.4137,92.6503,94.1557,94.5263,95.5583,93.4034,93.3525,92.4975,94.4357,95.1774,94.5008,95.3316,95.448,96.3173,97.8527,96.2688,94.995,95.7284,94.6175,92.5593,93.4486,92.7132,93.3407,92.7911,92.6292,91.1681,91.9251,90.7709,89.8216,86.865,86.2744,86.2085,85.9141,86.9303,83.8013,84.096,83.1247,81.496,82.6353,84.1457,86.2009,87.5837,87.0501,87.5142,87.7348,88.6391,85.8584,86.5837,88.5016,87.3922,86.715,86.6644